Gene Name,Sequence
Acr,ATGGTGGAGATGCTGCCCACTGTGGCTGTGCTGGTGCTGGCTGTGTCTGTGGTGGCCAAGGACAACACCACCTGTGATGGCCCCTGTGGCCTGCGCTTCAGGCAGAACTCCCAGGCTGGCACCCGCATTGTCTCTGGACAGTCTGCCCAGCTGGGAGCCTGGCCCTGGATGGTGTCCCTGCAGATCTTCACCTCCCACAACTCCAGGCGCTACCATGCCTGTGGAGGCTCCCTGCTGAACTCCCACTGGGTGCTCACTGCTGCCCACTGCTTTGACAACAAGAAGAAGGTCTATGACTGGCGCCTGGTGTTTGGAGCCCAGGAGATTGAGTATGGCAGGAACAAGCCAGTGAAGGAGCCCCAGCAGGAGCGCTATGTGCAGAAGATTGTCATCCATGAGAAGTACAATGTGGTGACAGAAGGCAATGACATTGCCCTGCTGAAGATCACCCCACCAGTGACCTGTGGGAACTTCATTGGACCCTGCTGCCTGCCACACTTCAAGGCTGGACCACCACAGATCCCACACACCTGCTATGTGACTGGCTGGGGCTACATCAAGGAGAAGGCCCCCAGGCCCTCCCCAGTGCTCATGGAGGCCCGGGTGGACCTCATTGACCTGGACCTGTGCAACTCCACCCAGTGGTACAATGGCAGAGTGACCTCCACCAATGTCTGTGCTGGCTACCCAGAGGGAAAGATTGACACCTGCCAGTGGTGGGCCTCCCATGTGCAGAGGCAGCGCCGCCAGCCCCTCTGTGGCCGTGGAGACCATGAGCTGGGAGGCCGCCTGTGCCCCTGCTGA
Adcyap1,ATGACCATGTGCTCTGGAGCCCGCCTGGCCCTGCTGGTCTATGGCATCATCATGCACTCCTCTGTGTCCTGCTCCCCAGCTGCTGGCCTGTCCTTCCCAGGCATCAGGCCAGAGGATGAGGCCTATGACCAGGATGGCAACCCCCTGCAGGACTTCTATGACTGGGACCCACCAGGAGTGGGCTCCCCAGCCTCTGCCCTGCGGGATGCCTATGCCCTCTACTACCCAGCTGACCGCCGGGATGTGGCCCATGAGATCCTGAATGAGGCCTACAGGAAGGTCCTGGACCAGCTGTCTGCCAGGAAGTACCTGCAGTCTGTGGTGGCCCGTGGAGCTGGAGAGAACCTGGGAGGCTCTGCTGTGGATGACCCAGCCCCACTGACCAAGAGGCACTCTGATGGCATCTTCACAGACTCCTACTCCCGCTACAGGAAGCAGATGGCTGTGAAGAAGTACCTGGCTGCTGTGCTGGGGAAGCGCTACAAGCAGAGAGTGAAGAACAAGGGAAGGAGGATTGCCTACCTGTGA
Apln,ATGAACCTGCGCCTCTGTGTGCAGGCCCTGCTGCTGCTGTGGCTGTCCCTGACTGCTGTGTGTGGAGTGCCCCTGATGCTGCCACCAGATGGCACTGGCCTGGAGGAGGGCTCCATGCGCTACCTGGTGAAGCCCAGGACCTCCCGCACTGGCCCTGGAGCCTGGCAGGGAGGCAGGAGGAAGTTCCGGAGGCAGAGGCCCCGCCTGTCCCACAAGGGACCCATGCCCTTCTGA
Btc,ATGGACCCCACAGCCCCAGGCTCCTCTGTGTCCTCCCTGCCTCTGCTGCTGGTGCTGGCCCTGGGCCTGGCCATCCTGCACTGTGTGGTGGCTGATGGGAACACCACCAGGACCCCAGAGACCAATGGCTCCCTCTGTGGAGCCCCTGGAGAGAACTGCACAGGCACCACCCCCAGGCAGAAGGTGAAGACCCACTTCTCCCGCTGTCCCAAGCAGTACAAGCACTACTGCATCCATGGCCGCTGCCGCTTTGTGGTGGATGAGCAGACACCCTCCTGCATCTGTGAGAAGGGCTACTTTGGAGCCCGCTGTGAGAGAGTGGACCTCTTCTACCTGCAGCAGGACCGTGGCCAGATCCTGGTGGTCTGCCTCATTGTGGTCATGGTGGTCTTCATCATCCTGGTCATTGGAGTCTGCACCTGCTGCCACCCCCTGAGGAAGCACAGGAAGAAGAAGAAGGAAGAGAAGATGGAGACCCTGGACAAGGACAAGACACCCATCTCAGAAGACATCCAGGAGACCAACATTGCCTGA
C1ql2,ATGGCCCTGGGCCTGCTCATTGCTGTGCCTCTGCTGCTGCAGGCTGCCCCCCCTGGAGCTGCCCACTATGAGATGCTGGGCACCTGCAGGATGATCTGTGACCCCTACTCTGTGGCCCCTGCTGGAGGCCCAGCTGGAGCCAAGGCCCCACCACCAGGACCCTCCACAGCTGCCCTGGAGGTGATGCAGGACCTGTCTGCCAACCCACCACCACCCTTCATCCAGGGACCCAAGGGAGACCCTGGAAGGCCAGGAAAGCCAGGACCCAGAGGACCCCCAGGAGAGCCAGGACCTCCAGGACCCCGAGGACCCCCAGGAGAGAAGGGAGACTCTGGCCGCCCAGGCCTGCCAGGCCTGCAGCTGACCACCTCAGCTGCTGGAGGAGTGGGAGTGGTCTCTGGAGGCACTGGAGGAGGAGGAGACACAGAGGGAGAGGTGACCTCAGCCCTGTCTGCTGCCTTCTCTGGACCCAAGATTGCCTTCTATGTGGGCCTGAAGAGCCCCCATGAAGGCTATGAGGTGCTGAAGTTTGATGATGTGGTCACCAACCTGGGCAACCACTATGACCCCACCACAGGAAAGTTCTCCTGCCAGGTGCGTGGCATCTACTTCTTCACCTACCACATCCTGATGCGTGGAGGAGATGGCACCTCCATGTGGGCTGACCTGTGCAAGAATGGCCAGGTGAGAGCCTCTGCCATTGCCCAGGATGCTGACCAGAACTATGACTATGCCTCCAACTCTGTGGTCCTGCACCTGGACTCTGGAGATGAGGTCTATGTGAAGCTGGATGGAGGCAAGGCCCATGGAGGCAACAACAACAAGTACTCCACCTTCTCTGGCTTCCTGCTCTACCCAGACTGA
Calcb,ATGGACTTCTGGAAGTTCTTCCCCTTCCTGGCCCTGTCCTCCATCTGGGTGCTCTGCCTGGCCTCCTCCCTGCAGGCTGCCCCCTTCCGCTCTGCCCTGGAGTCCTCCCTGGACCTGGGCACCCTGGGAGACCAGGAGAAGCACCTGCTGCTGGCTGCCCTGATGCAGGACTATGAGCAGATGAAGGCCAGGAAGCTGGAGCAGGAGGAGCAGGAGACCAAGGGCTCCAGAGTGACAGCCCAGAAGCGCTCCTGCAACACAGCCACCTGTGTCACCCACCGCCTGGCTGACCTGCTGTCCCGCTCTGGAGGAGTCCTGAAGGACAACTTTGTGCCCACAGATGTGGGCTCTGAGGCCTTTGGCCGCAGGAGGCGCCGGGACCTGCAGGCCTGA
Cdsn,ATGGGCTCCTCCCGGGCCCCCAGGATGGGCTCTGTGGGAGGCCATGGCCTCATGGCCCTGCTGATGGCTGGCCTCATCCTGCCTGGCATCCTGGCCAAGTCCATTGGCACCCTGTCTGACCCCTGCAAGGACCCCACCAGGATCACCTCACCCAATGACCCCTGCCTCATTGGGAAGACAGGCTCCAACTCCATCTCCTCCCAGGGAGGCTCCTCCTCCTTCTCCTCCCAGGGAGGCTCCTCCTCCTTCTCCTCCCATGGAGGCTCCTCCTCCTCCCAGGGCTCCTCCTCTGGCTCCCTCATCTACAAGCCAGGCACTGGCTACTCCCAGTCCTCCTACTCCTATGGCTCTGGAGGCTCCAGGCCTGGAGGCTCTGGCTCCCAGTCTGGCTCCTCTGGCTCCCAGTCTGGCTCCTCTGGCTCCCAGTCTGGCTCCTCTGGCTCCCAGTCTGGCTCCTCTGGCTCCCAGTCTGGCTCCTCTGGCTCCCAGTCTGGCTCCTCTGGCTCCCAGTCTGGCTCCTCTGGCTCCCAGTCTGGCTCCTCTGGCTCCCAGTCTGGCCGCTGGGTGTCCTCCTCCTCCCAGTGGGTGTCCTCCTCCTCCCAGTCTGGCTCCTCTGGCTCCTCCAGAGACCGCCCAGGCTCTGGCTCTGCCCTGCCCACTGGAGACAAGACCTCAGGAATGTCCCAGTCTGGAGGCTCCTCCACCTCCCAGTCCTCCTCCTCCAACCTGCGGCCCTGCTCCTCCAATGTGCCAGACTCCCCCTGCTCTGGAGGCCCAGTCATCACCCACTCAGGACCCTACATCTCTGGCACCCACACAGTGTCTGGAGGCCAGAGGCCAGTGGTGGTGGTGGTGGAGCAGCATGGCTCTGGAGGCCCTGGCTTCCAGGGCATGCCCTGCTCCAATGGAGGCCCTGCTGGGAAGCCCTGTCCACCCATCACCTCTGTGCAGAAGCCCTATGGAGGCTATGAGGTGGTGGGAGGCTCTGCCAACTCCTACCTGGTGCCTGGCATGACCTACTCTGGAGGCAAGATCTACCCAGTGGGCTACTTCACCAAGGACAACCCCATCCGAGGCTCCCCAGGAGCCCCCTCCTTTGCTGCTGGACCCCCAGTGTCTGAGGGCAAGTACTTCTCCTCCAACCCCATCATCCCCTCCAGAGGCTCCTCCTCCTCCTCTGGCTACCCTGTGGGAGTGGCCTTCCAGCCAGTGGGCTCTGGAGGAGTGCAGCCCTGTGGCACTGGCTCTGTGTCCTCCAAGGGACCCTGCTCTGGCACCAGGATCCAGATCACCTCCTCCTCCTCCTCCACCTCCTACCACCCCTGCTCTGGAGGCCCCTCCCAGGGCCCCTGCTCCTCCCCAGGCACTGGCTCCATCTCTGGAGGCTCCTCCTCCCTGTCCTCTGGGAAGATTGTCCTGCAGCCCTGTGGCTCCAAGTCCACCTCCTCTGGCTACCCCTGCCTGTCTGTGCCCTCCTCCCCACTGAATGGAGGCCTCAATGGCTCCCCCCAGCCAGTGCCCTCTGTGGGAGTGAAGCTCTGTGGCCTGAACTCCCCAGGCCGTGTGCCCTGCCGCTCCATCAGGAACATCCTGACCCAGGTGAAGCCCCTGGGACCCCAGCTGATGGACCCCAAGGTGTCCCTGCCCCAGGGAGAGCCCCAGGGAGAGCCCCTGGAGAAGTCCTGA
Col24a1,ATGGGAGAGCCAGGCCCTGAAGGACTGAAGGGAGAAGTGGGAGACCAGGGAGACATTGGAAAGACAGGAGAGACTGGCCCTGTGGGCCTGCCTGGAGAAGTGGGCATCACTGGCTCCATTGGAGAGAAGGGAGAGAGAGGCTCCCCAGGACCCCTGGGACCCCAGGGAGAGAAGGGAGTCATGGGCTACCCAGGACCTCCTGGAGCCCCAGGACCCATGGGACCCCTGGGCCTGCCAGGCCTGGTGGGAGCCCGTGGAGCCCCTGGCTCCCCAGGACCCAAGGGACAGAGAGGCCCCAGAGGCCCAGATGGCCTGGCTGGAGACCAGGGAGGCCATGGAGCCAAGGGAGAGAAGGGAAACCAGGGAAAGAGAGGCCTGCCAGGACTTCCAGGAAAGGCTGGCTCCCCAGGAGAGCGTGGAGTCCAGGGAAAGCCAGGCTTCCAGGGCCTCCCAGGCTCCTCTGGAGATGTGGGCCCTGCTGGAGAGCCAGGACCCAGAGGCCTGCCAGGCATTGCTGGCCTGCCTGGAGAGATGGGAGTGGAAGGACCCCCAGGAACAGAAGGAGACTCTGGCCTGCAGGGAGAGCCAGGAGCCAAGGGAGATGGAGGCCCAGCTGGCTCTGCTGGAGCCACTGGAGAGCCAGGACCCCGAGGAGAGCCAGGAGCCCCTGGAGAGGAAGGCCTGCAGGGAAAGGATGGCCTGAAGGGAGCCCCTGGAGGCTCTGGCCTGCCTGGAGAAGATGGAGACAAGGGAGAGATGGGCCTGCCAGGCACTGCTGGCCCTGTGGGCCGCCCAGGACAGATGGGCCTGCCAGGCCCTGAAGGCATTGTGGGCACCCCAGGACAGAGAGGCCGCCTGGGGAAGAAGGGAGACAAGGGCCAGGTGGGACCCACTGGAGAAGCTGGCTCCAGAGGACCCCCAGGCTCTGTGGGAGAGAATGGACCCAAGGGAGCCCGAGGCACCAGAGGAGCTGTGGGACCCCTGGGCCTCATGGGCCCTGAGGGAGAGCCAGGCATCCCAGGCTACCGTGGCCACCAGGGCCAGCCAGGACCCTCTGGACTGCCAGGACCCAAGGGAGAGAAGGGCTACCCAGGAGAAGACTCCACTGTCCTGGGACCCCCAGGACCTCCTGGAGAGCCAGGACCCATGGGAGAGCAGGGAGAGACTGGAGAGCATGGAGAAGAAGGCTACAAGGGCCACATGGGAGTCCCAGGCCTGCGAGGAGCCACTGGCCAGCAGGGACCCCCAGGAGAGCCTGGAGACCAGGGAGGCCAGGGACCCAAGGGAGAGAGAGGCTCTGAGGGACCCCAGGGAAAGCGAGGAGTCCCAGGACCCTCAGGAAAGCCAGGCATCCCTGGAGTCCCAGGCTTCCCAGGACCCAAAGGACTGCAGGGCTACCCAGGAGTGGATGGCATGTCTGGCTACCCAGGGAAGCCAGGACTTCCAGGAAAGCAGGGCCTGCTGGGAGTCCCAGGCTCCCCAGGACGCACTGGAGTGGCTGGCTCCCCAGGACCCCAGGGAGGCAAGGGAGCCTCTGGACCCCCAGGCTCCCCTGGAGCCCCAGGACCCAAGGGAGAGCAGGGCCTTCCAGGACAGCCTGGAGTCCCTGGACAGAGAGGCCACAGAGGCACCCCAGGAGACCAGGGCCTGCGTGGAGCCCCAGGCCTGAAGGGACAGCCAGGAGAGCATGGAGACCAGGGCCTGGCTGGCTTCCAGGGCTTCCCAGGACCCAGAGGCCCAGAAGGAGATGCTGGCATTGTGGGCATTGTGGGACCCAAGGGACCCATTGGACAGAGAGGAAACACTGGACCCCTGGGCAGAGAAGGCATCATTGGACCCACTGGAGGCACTGGACCCCGAGGAGAGAAGGGCTTCCGAGGAGAGACTGGACCCCAGGGACCCAGAGGCCAGCCAGGACCTCCAGGACCTCCTGGAGCCCCAGGACCCAGGAGGCAGATGGACATCAATGCTGCCATCCGGGCCCTCATTGAGTCCAACTCTGCCCAGCAGATGGAGTCCTACCAGAACACAGAGGGCACCCTCATCTCCCACTCCTCAGACATCTTCAAGACCCTGACCTACCTGTCCTCCCTGCTGTCCTCCATCAAGAACCCCCTGGGAACCAGAGAGAACCCAGCCAGGATCTGCAAGGACCTGCTGTCCTGCCAGTACAAGGTGTCTGATGGGAAGTACTGGATTGACCCCAACCTGGGCTGCTCCTCTGATGCCTTTGAGGTCTTCTGCAACTTCTCTGCTGGAGGCCAGACCTGCCTGTCCCCAGTGTCTGTGACCAAGCTGGAGTTTGGAGTCTCCAAGGTGCAGATGAACTTCCTGCACCTGCTGTCCTCTGAGGCCACCCACACCATCACCATCCACTGCCTGAACACCCCCCGCTGGTCCTCCACCTGGGCTGATGGCCCAGAGCTGCCCATCTCCTTCAAGGGCTGGAATGGCCAGATCTTTGAAGAGAACACCCTGCTGGAGCCCCAGGTGCTGTCTGATGACTGCAAGATCCAGGATGGCTCCTGGCACAAGGCCAAGTTCCTCTTCCACACCCAGAACCCCAACCAGCTGCCAGTGACAGAGGTGCAGAACCTGCCCCACCTGGGCACAGAGCAGAAGAGGTACATTGAGTCCAACTCTGTCTGCTTCCTGTGA
Col6a2,ATGACCACCATCAAGATGCTGCAGGGCCCCCTCTCTGTGCTGCTCATTGGAGGCCTGCTGGGAGTCCTGCATGCCCAGCAGCAGGAGGCCATCTCCCCCCAGGAGCAGGAGGCTGTGTCCCCAGACATCTCCACCACAGAGAGGAACAACAACTGCCCAGAGAAGGCTGACTGCCCAGTGAATGTCTACTTTGTGCTGGACACCTCAGAGTCTGTGGCCATGCAGAGCCCCACAGACTCCCTGCTCTACCACATGCAGCAGTTTGTGCCTCAGTTCATCTCCCAGCTGCAGAATGAGTTCTACCTGGACCAGGTGGCCCTGTCCTGGCGCTATGGAGGCCTGCACTTCTCTGACCAGGTGGAGGTCTTCTCCCCCCCAGGCTCTGACAGAGCCTCCTTCACCAAGTCCCTGCAGGGCATCCGCTCCTTCCGCAGAGGCACCTTCACAGACTGTGCCCTGGCCAACATGACCCAGCAGATCAGGCAGCATGTGGGGAAGGGAGTGGTGAACTTTGCTGTGGTCATCACAGATGGCCATGTGACTGGCTCCCCCTGTGGAGGCATCAAGATGCAGGCTGAGCGGGCCCGGGAGGAGGGCATCCGCCTCTTTGCTGTGGCCCCCAACAGGAACCTCAATGAGCAGGGCCTGAGAGACATTGCCAACTCCCCCCATGAGCTCTACAGGAACAACTATGCCACCATGAGGCCAGACTCCACAGAGATTGACCAGGACACCATCAACAGGATCATCAAGGTGATGAAGCATGAAGCCTATGGAGAGTGCTACAAGGTGTCCTGCCTGGAGATCCCTGGACCCCATGGACCCAAGGGCTACCGAGGACAGAAGGGAGCCAAGGGAAACATGGGAGAGCCAGGAGAGCCAGGACAGAAGGGACGCCAGGGAGACCCAGGCATTGAAGGACCCATTGGCTTCCCAGGACCCAAAGGAGTCCCAGGATTCAAGGGAGAGAAGGGAGAGTTTGGCTCTGATGGCAGGAAGGGAGCCCCAGGCCTGGCTGGGAAGAATGGCACTGATGGACAGAAGGGAAAGCTGGGCCGCATTGGACCTCCAGGCTGCAAAGGAGACCCAGGCTCCCGAGGCCCTGATGGCTACCCAGGAGAAGCTGGCTCCCCAGGAGAGCGTGGAGACCAGGGAGCCAAGGGAGACTCTGGCCGCCCAGGCCGCAGAGGACCCCCAGGAGACCCTGGAGACAAGGGCTCCAAAGGCTACCAAGGAAACAATGGAGCCCCAGGCTCCCCAGGAGTGAAGGGAGGAAAAGGAGGCCCTGGACCCCGAGGACCCAAGGGAGAGCCAGGACGCCGTGGAGACCCAGGAACCAAGGGAGGCCCTGGCTCTGATGGACCCAAGGGAGAGAAGGGAGACCCAGGACCTGAAGGACCCAGAGGCCTGGCTGGAGAGGTGGGCTCCAAGGGAGCCAAGGGAGACCGTGGCCTGCCAGGACCCAGAGGACCCCAGGGAGCCCTGGGAGAGCCAGGAAAGCAGGGCTCCCGAGGAGACCCAGGAGATGCTGGACCCCGTGGAGACTCTGGCCAGCCAGGACCCAAGGGAGACCCTGGAAGGCCAGGCTTCTCCTACCCAGGACCCAGAGGCACCCCAGGAGAGAAGGGAGAGCCAGGACCTCCAGGACCTGAAGGAGGCCGTGGAGACTTTGGACTGAAGGGAACCCCAGGAAGGAAGGGAGACAAAGGAGAGCCAGCTGACCCAGGACCTCCAGGAGAGCCAGGACCCAGAGGACCCAGAGGCATCCCAGGCCCTGAAGGAGAGCCAGGACCTCCTGGAGACCCAGGACTCACAGAGTGTGATGTGATGACCTATGTGAGAGAGACCTGTGGCTGCTGTGACTGTGAGAAGCGCTGTGGAGCCCTGGATGTGGTCTTTGTCATTGACTCCTCTGAGTCCATTGGCTACACCAACTTCACCCTGGAGAAGAACTTTGTCATCAATGTGGTGAACCGCCTGGGAGCCATTGCCAAGGACCCCAAGTCAGAGACAGGCACCAGAGTGGGAGTGGTGCAGTACTCCCATGAGGGCACCTTTGAGGCCATCCGCCTGGATGATGAGAGAGTGAACTCCCTGTCCTCCTTCAAGGAAGCTGTGAAGAACCTGGAGTGGATTGCTGGAGGCACCTGGACCCCCTCTGCCCTGAAGTTTGCCTACAACCAGCTGATCAAGGAGTCCAGGAGGCAGAAGACCAGAGTGTTTGCTGTGGTCATCACAGATGGCCGCCATGACCCCAGAGATGATGACCTGAACCTGCGGGCCCTCTGTGACAGAGATGTGACTGTGACTGCCATTGGCATTGGAGACATGTTCCATGAGACCCATGAGTCAGAGAACCTCTACTCCATTGCCTGTGACAAGCCCCAGCAGGTGAGGAACATGACCCTCTTCTCTGACCTGGTGGCTGAGAAGTTCATTGATGACATGGAGGATGTGCTCTGCCCAGACCCCCAGATTGTCTGCCCAGAGCTGCCCTGCCAGACAGATGAGCCCTGGCCAGGAAACAAGCCACCAGTGACCTTCCTGAGGACAGAGGAAGGCCCAGACCCCACCTTCCCCAAGACCATCCCACTCATCCAGCAGCTGCTGAATGCCACAGAGTTCACCCAGAACCCAGCTGCCTACTCCCAGCTGGTGGCTGTGATGGTGTACACAGCTGAGAGAGCCAAGTTCTCCACTGGAGTGGAGAGGCAGGACTGGATGCAGCTCTTCATTGACACCTTCAAGCTGGTGCACAGAGACATCACTGGAGACCCAGAGTCTGTGCTGGCCCTGTGCTGA
Colec10,ATGAATGGCTTCCGTGTGCTGCTGCGCTCCAACCTGTCCATGCTGCTGCTGCTGGCCCTGCTGCACTTCCAGTCCCTGGGCCTGGATGTGGACTCCCGCTCTGCTGCTGAGGTGTGTGCCACCCACACCATCTCCCCAGGACCCAAGGGAGATGATGGAGAGAGAGGAGACACAGGAGAGGAAGGAAAGGATGGAAAGGTGGGCCGCCAGGGACCCAAGGGAGTGAAGGGAGAGCTGGGAGACATGGGAGCCCAGGGAAACATTGGAAAGTCTGGACCCATTGGAAAGAAAGGAGACAAAGGAGAGAAGGGACTCCTGGGCATCCCTGGAGAGAAGGGAAAGGCTGGCACCATCTGTGACTGTGGCCGCTACAGGAAGGTGGTGGGCCAGCTGGACATCTCTGTGGCCAGGCTGAAGACCTCCATGAAGTTCATCAAGAATGTCATTGCTGGCATCAGAGAGACAGAGGAGAAGTTCTACTACATTGTGCAGGAGGAGAAGAACTACAGAGAGTCCCTGACCCACTGCCGCATCCGTGGAGGCATGCTGGCCATGCCCAAGGATGAAGTGGTGAACACCCTCATTGCTGACTATGTGGCCAAGTCTGGCTTCTTCAGAGTCTTCATTGGAGTCAATGACCTGGAGAGAGAGGGCCAGTATGTCTTCACAGACAACACACCACTGCAGAACTACTCCAACTGGAAGGAAGAGGAGCCCTCTGACCCCTCTGGCCATGAGGACTGTGTGGAGATGCTGTCCTCTGGCCGCTGGAATGACACAGAGTGCCACCTGACCATGTACTTTGTGTGTGAGTTTGTGAAGAAGAAGAAGTGA
Cpa4,ATGAAGTGGCTGCTCTTCTTTGGAGCCCTCATTGGAGCTGGCATCTGTGGCAGAGACAAGTTCTTTGGAGACCAGGTCTTCAGGATCAATGTGCGCAATGGAGATGAGATCAGGAAGCTGACAGAGCTGGTGAACTCTGACCACCTGAAGCTGTCTGTGTGGAAGAGCCCCTCCACCTTTGACAGGCCAGTGGACATCCTGGTGCCCTCTGTGTCCCTGCTGCCAGTGAAGTCCTTCCTGAAGTCCCAGGGCCTGGACTACTCTGTGACCATTGAAGACCTGCAGGCCCTGCTGGACAATGAGGATGAGGAGATGCAGCACAATGAAGGCATTGAGCGCTCTGGAGACTTCAACTATGGAGCCTACCACCCCCTGGAGGCCATCTACCATGAGATGGACTCCATTGCCACAGACTTCCCAGAGCTGGTGTCCAGAGTGAAGATTGGAGAGACCTTTGAGAAGAGGCCCATGTATGTGCTGAAGTTCTCCACTGGAGGAGGAAAGAAGAGGCCAGCCATCTGGCTCAATGCTGGCATCCATGCCCGGGAGTGGATCTCCCAGGCCACAGCCATCTGGACAGCCAGGAAGATTGTCACAGACTACAAGAAGGACCCAGCCATCACCTCCATCCTGAAGAAGGTGGACATCTTCCTGCTGCCTGTGGCCAACCCAGATGGCTATGTCTACACCCAGTCCCAGAACCGCCTGTGGAGGAAGACCCGCTCCAGGAACCCAGGCTCCCGCTGTGTGGGAGCTGACCCCAACAGGAACTGGAATGCCTCCTTTGCTGGAGAGGGCACCTCAGACAACCCCTGCTCTGAGGTCTACCATGGCTCCCACCCCAACTCTGAGGTGGAGGTGAAGTCTGTGGTGGACTTCATCCAGAAGCATGGAAACTTCAAGTGCTTCATTGACCTGCACTCCTACTCCCAGCTGCTGATGTACCCCTATGGCTACACAGTGAAGAAGGCCCCAGATGCTGAGGAGCTGGATGATGTGGCCAGGAATGCTGCCCAGGCCCTGGCCTCCCTCTCTGGCACCAAGTACCGTGTGGGACCCACCTGCACCACTGTGTACCCAGCCTCTGGCTCCTCTGTGGACTGGGCCTATGACAATGGCATCAAGTATGCCTTCACCTTTGAGCTGAGAGACACTGGCTACTATGGCTTCCTGCTGCCAGCCTCCCAGATCATCCCCACAGCTGAGGAGACCTGGCTGGGCCTGAAGACCATCATGGAGCATGTGAGAGACCACCTCTACTGA
Cpb1,ATGCTGCTGCTGCTGGCCCTGGTGTCTGTGGCCCTGGCCCATGCCTCTGAGGAGAACTTTGATGGAAACAGAGTCTTCAGAGTGTCTGTGCATGATGAAGATGATGTGTCCCTCATCCAGGAGCTGGCCAACACCAAGCAGATTGACTTCTGGAAGCCAGACTCTGCCACCCAGGTGAAGCCACTGACCACTGTGGACTTCCATGTGAAGGCTGAGGATGTGGTGGATGTGGAGAACTTCCTGGAGGAGAATGAGGTGCTCTATGAGGTGCTCATCTCCAATGTGAAGCACATCCTGGAGTCCCAGTTTGACTCCCACACCAGAGCCTCTGGCCACTCCTACACCAAGTACAACAACTGGGAGACCATTGAGGCCTGGATCCAGCAGGTGGCCAATGACAACCCAGACCTGGTGTCCAAGAGAGTCATTGGCACCACCTTTGAAGGCAGGAACATGTATGTGCTGAAGATTGGAAAGGACAGGCCCAACAAGCCAGCCTTCTTCATTGACTGTGGCTTCCATGCCCGGGAGTGGATCTCCCCAGCCTTCTGCCAGTGGTTTGTGCGGGAGGCTGTGAGGACCTACAAGCAGGAGATCCACATGAAGAGGCTGCTGGATGAGCTGGACTTCTATGTGCTGCCTGTGGTGAACATTGATGGCTATGTCTACACCTGGGCCAAGGACAGGATGTGGAGGAAGACCAGGTCCACCACAGCTGGCTCCTCCTGCTTTGGAGTGGACCCCAACAGGAACTTTGATGCTGGCTGGTGTGAGGTGGGAGCCTCCCGCTCCCCCTGCTCTGACACCTACTGTGGACCCACCCCAGAGTCAGAGAAGGAGACCAAGGCCCTGGCTGACTTCATCAGGCAGAACCTGTCCTCCATCAAGGCCTACCTGACTGTGCACTCCTACTCCCAGATGATGCTGTACCCCTACTCCTATGACTACAAGCTGCCAGAGAACTATGAGGAGCTGAATGCCCTGGTGAAGGGAGCTGCCAAGGAGCTGTCCACCCTGCATGGCACCAAGTACACCTATGGCCCTGGAGCCACCACCATCTACCCAGCTGCTGGAGGCTCTGATGACTGGGCCTATGACCAGGGCATCAAGTACTCCTTCACCTTTGAGCTGAGAGACAAGGGCTTCTTTGGCTTCCTGCTGCCAGAGTCCCAGATCAGGCAGACCTGTGAGGAGACCATGCTGGCTGTGAAGTACATTGCCAACTATGTGCTGGAGCACCCCTACTGA
Crisp3,ATGGCCCTGATGCTGGTGCTCTTCTTCCTGGCTGCTGTGCTGCCACCCTCCCTGCTGCAGGACAACTCCCAGGAGAACTCCCTGGAGAAGCTGTCCACCTCCAAGAAGTCTGTGCAGGAGGAGATTGTGTCCAAGCACAACCAGCTGAGGAGGAAGGTGTCCCCCTCTGGCTCTGACCTGCTGAACATGGAGTGGAACTATGATGCCCAGGTGAATGCCCAGCAGAGAGCTGACAAGTGCACCTTCTCCCACTCCCCCATTGAGCTGAGGACCACCAACCTGAAGTGTGGAGAGAACCTCTTCATGTCCTCCTACCTGGTGCCCTGGTCCTCTGTCATCCAGGGCTGGTACAATGAGTCCAAGGGCCTCATCTTTGGAGTGGGACCCAAGCAGAATGTCTCTGTGGTGGGCCACCACACCCAGGTGGTGTGGAAGTCCAACCTGCAGGTGGCCTGTGGAGTGGCTGAGTGCCCAGAGAACCCCCTGCGCTACTTCTATGTGTGCCGCTACTGCCCTGTGCTGAACTACTCTGGCCACTACCCCTCCAGGCCCTACCTGGCCTACACAGCCCGGGCCCCCTGTGCCTCCTGCCCAGACCGCTGTGAGGATGGCCTCTGCACCAAGTCCTGCCAGTACAAGGACATGTCCTTCTGGTGCAAGCGCCTGGAGTATGTGTGCAAGCACCCAGGACTGAAGAAGCGCTGCCTGGCCACCTGCCAGTGCTGA
Crtap,ATGGGCCCCAGGAGCCCCACAGCTGCCCTGCTGGTGCTGCTCTGTGTGGGCTGTGCCCCCACCCCAGGCCGTGGCCAGTATGAGCGCTACTCCTTCCGCTCCTTCCCCCGGGATGAGCTGATGCCCCTGGAGTCTGCCTACCGCCATGCCCTGGACCAGTACTCTGGAGAGCACTGGGCTGAGTCTGTGGGCTACCTGGAGGTGTCCCTGCGGCTGCACCGCCTGCTGCGGGACTCTGAGGCCTTCTGCCACAGGAACTGCTCTGCTGCCACCCCAGCCCCAGCCCCTGCTGGCCCAGCCTCCCATGCTGAGCTGCGCCTCTTTGGCTCTGTGCTGCGCCGGGCCCAGTGCCTGAAGCGCTGCAAGCAGGGCCTGCCAGCCTTCCGGCAGTCCCAGCCCTCCCGCTCTGTGCTGGCTGACTTCCAGCAGAGAGAGCCCTACAAGTTCCTGCAGTTTGCCTACTTCAAGGCCAATGACCTGCCCAAGGCCATTGCTGCTGCCCACACCTACCTGCTGAAGCACCCAGATGATGAGATGATGAAGAGGAACATGGAGTACTACAAGTCCCTGCCTGGAGCTGAGGACCACATCAAGGACCTGGAGACCAAGTCCTATGAGTCCCTCTTTGTGAGAGCTGTGCGGGCCTACAATGGAGAGAACTGGAGGACCTCCATCTCTGACATGGAGCTGGCCCTGCCAGACTTCCTGAAGGCCTTCTATGAGTGCCTGGCTGCCTGTGAGGGCTCCAGAGAGATCAAGGACTTCAAGGACTTCTACCTGTCCATTGCTGACCACTATGTGGAGGTGCTGGAGTGCAAGATCCGCTGTGAGGAGACCCTGACCCCAGTCATTGGAGGCTACCCAGTGGAGAAGTTTGTGGCCACCATGTACCACTACCTGCAGTTTGCCTACTACAAGCTCAATGACCTGAAGAATGCTGCCCCCTGTGCTGTGTCCTACCTGCTCTTTGACCAGTCTGACAGAGTGATGCAGCAGAACCTGGTCTACTACCAGTACCACAGAGACAAGTGGGGCCTCTCTGATGAGCACTTCCAGCCCAGGCCAGAGGCTGTGCAGTTCTTCAATGTCACCACCCTGCAGAAGGAGCTCTATGACTTTGCCCAGGAGCACCTGATGGATGATGATGAGGGAGAAGTGGTGGAGTATGTGGATGACCTGCTGGAGACAGAGGAGTCTGCCTGA
Cxcl13,ATGAGGCTGTCCACAGCCACCCTGCTGCTGCTGCTGGCCTCCTGCCTGTCCCCAGGCCATGGCATCCTGGAGGCCCACTACACCAACCTGAAGTGCCGCTGCTCTGGAGTCATCTCCACTGTGGTGGGCCTCAACATCATTGACAGGATCCAGGTGACACCACCAGGCAATGGCTGTCCCAAGACAGAAGTGGTCATCTGGACCAAGATGAAGAAGGTCATCTGTGTGAACCCCCGGGCCAAGTGGCTGCAGCGCCTGCTGCGCCATGTGCAGTCCAAGTCCCTGTCCTCCACCCCCCAGGCCCCTGTGTCCAAGCGCAGAGCTGCCTGA
Ecm1,ATGGGCACTGTGTCCCGGGCTGCCCTCATCCTGGCCTGCCTGGCCCTGGCCTCTGCTGCCTCTGAGGGAGCCTTCAAGGCCTCTGACCAGAGAGAGATGACCCCAGAGCGCCTCTTCCAGCACCTGCATGAGGTGGGCTATGCTGCCCCACCCTCCCCACCCCAGACCCGCCGCCTGCGGGTGGACCACTCTGTGACCTCCCTGCATGACCCACCACTCTTTGAGGAGCAGAGAGAGGTGCAGCCACCCTCCTCCCCAGAGGACATCCCAGTCTATGAGGAGGACTGGCCCACCTTCCTGAACCCCAATGTGGACAAGGCTGGACCTGCTGTGCCCCAGGAGGCCATCCCTCTGCAGAAGGAGCAGCCACCACCACAGGTGCACATTGAGCAGAAGGAGAACCCCCCAGCCCAGCCCCAGGAGGAGATTGTGCAGAAGGAAGTGAAGCCCCACACCCTGGCTGGCCAGCTGCCCCCAGAGCCCAGGACCTGGAACCCAGCCCGGCACTGCCAGCAGGGCCGCCGTGGAGTGTGGGGCCACCGCCTGGATGGCTTCCCACCAGGCAGGCCCTCCCCAGACAACCTGAAGCAGATCTGCCTGCCAGAGAGGCAGCATGTCATCTATGGACCCTGGAACCTGCCCCAGACTGGCTACTCCCACCTGTCCCGCCAGGGAGAGACCCTCAATGTCCTGGAGACTGGCTACTCCCGCTGCTGCCGCTGCCGCAGTGACACCAACCGCCTGGACTGCCTGAAGCTGGTGTGGGAGGATGCCATGACCCAGTTCTGTGAGGCTGAGTTCTCTGTGAAGACCAGGCCCCACCTGTGCTGCCGCCTGCGTGGAGAGGAGCGCTTCTCCTGCTTCCAGAAGGAGGCCCCCCGGCCAGACTACCTGCTGCGGCCCTGCCCTGTGCACCAGAATGGCATGTCCTCTGGACCCCAGCTGCCCTTCCCACCAGGACTGCCCACCCCAGACAATGTGAAGAACATCTGCCTGCTGCGGCGCTTCCGGGCTGTGCCCAGGAACCTGCCAGCCACTGATGCCATCCAGAGGCAGCTGCAGGCCCTGACCCGCCTGGAGACAGAGTTCCAGCGCTGCTGCCGCCAGGGCCACAACCACACCTGCACCTGGAAGGCCTGGGAGGGCACCCTGGATGGCTACTGTGAGAGAGAGCTGGCCATCAAGACCCACCCACACTCCTGCTGCCACTACCCACCCTCCCCAGCCCGGGATGAGTGCTTTGCCCACCTGGCCCCCTACCCCAACTATGACAGAGACATCCTGACCCTGGACCTGTCCAGAGTGACCCCCAACCTGATGGGCCAGCTCTGTGGCTCTGGCCGTGTGCTGTCCAAGCACAAGCAGATCCCAGGACTCATCCAGAACATGACCATCCGCTGCTGTGAGCTGCCCTACCCAGAGCAGGCCTGCTGTGGAGAGGAGGAGAAGCTGGCCTTCATTGAGAACCTCTGTGGACCCAGGAGGAACTCCTGGAAGGACCCAGCCCTGTGCTGTGACCTGTCCCCAGAGGACAAGCAGATCAACTGCTTCAACACCAACTACCTGAGGAATGTGGCCCTGGTGGCTGGAGACACAGGCAATGCCACTGGCCTGGGAGAGCAGGGACCCACCAGAGGCACAGATGCCAACCCAGCCCCAGGCTCCAAGGAGGAGTGA
Erbb3,ATGTCAGCCATTGGCACCCTGCAGGTCCTGGGCTTCCTGCTGTCCCTGGCCCGGGGCTCTGAGATGGGCAACTCCCAGGCTGTGTGCCCAGGCACCCTCAATGGCCTCTCTGTGACTGGAGATGCTGACAACCAGTACCAGACCCTCTACAAGCTCTATGAGAAGTGTGAGGTGGTCATGGGCAACCTGGAGATTGTCCTCACTGGCCACAATGCTGACCTGTCCTTCCTGCAGTGGATCAGAGAGGTGACTGGCTATGTGCTGGTGGCCATGAATGAGTTCTCTGTGCTGCCTCTGCCCAACCTGCGTGTGGTGCGTGGCACCCAGGTCTATGATGGGAAGTTTGCCATCTTTGTGATGCTGAACTACAACACCAACTCCTCCCATGCCCTGCGCCAGCTGCGCTTCACCCAGCTGACAGAGATCCTGCTGGGAGGAGTCTACATTGAGAAGAATGACAAGCTGTGCCACATGGACACCATTGACTGGAGAGACATTGTGCGTGTGCCAGATGCTGAGATTGTGGTGAAGAACAATGGAGGCAACTGCCCACCCTGCCATGAGGTGTGCAAGGGCCGCTGCTGGGGCCCTGGCCCAGAAGACTGCCAGATCCTGACCAAGACCATCTGTGCCCCCCAGTGCAATGGCCGCTGCTTTGGACCCAACCCCAACCAGTGCTGCCATGATGAGTGTGCTGGAGGCTGCTCTGGACCCCAGGACACAGACTGCTTTGCCTGCCGCCACTTCAATGACTCTGGAGCCTGTGTGCCCCGCTGCCCAGCCCCCCTGGTGTACAACAAGCTGACCTTCCAGCTGGAGCCCAACCCACACATCAAGTACCAGTATGGAGGAGTCTGTGTGGCCTCCTGCCCCCACAACTTTGTGGTGGACCAGACCTTCTGTGTGAGAGCCTGCCCAGCTGACAAGATGGAGGTGGACAAGAATGGCCTGAAGATGTGTGAGCCCTGCCGTGGCCTCTGCCCCAAGGCCTGTGAGGGCACTGGCTCTGGCTCCCGCTACCAGACAGTGGACTCCTCCAACATTGATGGCTTTGTGAACTGCACCAAGATCCTGGGAAACCTGGACTTCCTCATCACTGGCCTCAATGGAGACCCCTGGCACAAGATCCCAGCCCTGGACCCAGAGAAGCTGAATGTCTTCAGGACTGTGAGAGAGATCACTGGCTACCTGAACATCCAGTCCTGGCCACCACACATGCACAACTTCTCTGTCTTCTCCAACCTGACCACCATTGGAGGCCGCTCCCTCTACAACAGAGGCTTCTCCCTGCTCATCATGAAGAACCTCAATGTGACCTCCCTGGGCTTCAGGTCCCTGAAGGAGATCTCTGCTGGCAGAGTCTACATCTCAGCCAACCAGCAGCTCTGCTACCACCACTCCCTGAACTGGACCCGCCTGCTGCGGGGCCCAGCTGAGGAGCGCCTGGACATCAAGTACAACAGGCCCCTGGGAGAGTGTGTGGCTGAGGGGAAGGTGTGTGACCCCCTGTGCTCCTCTGGAGGCTGCTGGGGCCCTGGCCCTGGACAGTGCCTGTCCTGCAGGAACTACTCCAGAGAGGGAGTCTGTGTCACCCACTGCAATGTGCTGCAGGGAGAGCCCAGAGAGTTTGTGCATGAGGCCCACTGCTTCTCCTGCCACCCAGAGTGCCAGCCCATGGAGGGCACCTCCACCTGCAATGGCTCTGGCTCTGATGCCTGTGCCCGCTGTGCCCACTTCCGGGATGGACCCCACTGTGTGAACTCCTGCCCCCATGGCATCCTGGGAGCCAAGGGACCCATCTACAAGTACCCAGATGCCCAGAATGAGTGCAGGCCCTGCCATGAGAACTGCACCCAGGGCTGCAAGGGCCCAGAGCTGCAGGACTGCCTGGGCCAGGCTGAGGTGCTGATGTCCAAGCCACACCTGGTCATTGCTGTGACTGTGGGCCTCACTGTCATCTTCCTCATCCTGGGAGGCTCCTTCCTCTACTGGAGAGGCAGGAGGATCCAGAACAAGAGAGCCATGAGGCGCTACCTGGAGCGTGGAGAGTCCATTGAGCCCCTGGACCCCTCAGAGAAGGCCAACAAGGTCCTGGCCAGGATCTTCAAGGAGACAGAGCTGAGGAAGCTGAAGGTCCTGGGCTCTGGAGTCTTTGGCACTGTGCACAAGGGCATCTGGATCCCAGAAGGAGAGTCCATCAAGATCCCAGTGTGCATCAAGGTCATTGAAGACAAGTCTGGCAGGCAGTCCTTCCAGGCTGTGACAGACCACATGCTGGCTGTGGGCTCCCTGGACCATGCCCACATTGTGCGCCTGCTGGGCCTCTGCCCAGGCTCCTCCCTGCAGCTGGTGACCCAGTACCTGCCCCTGGGCTCCCTGCTGGACCATGTGCGCCAGCACCGGGAGACCCTGGGACCCCAGCTGCTGCTGAACTGGGGAGTGCAGATTGCCAAGGGCATGTACTACCTGGAGGAGCACTCCATGGTGCACAGAGACCTGGCCCTGCGCAATGTGATGCTGAAGTCCCCCTCCCAGGTGCAGGTGGCTGACTTTGGAGTGGCTGACCTGCTGCCTCCAGATGACAAGCAGCTGCTGCACTCAGAGGCCAAGACACCCATCAAGTGGATGGCCCTGGAGTCCATCCACTTTGGAAAGTACACCCACCAGTCTGATGTGTGGTCCTATGGAGTCACTGTGTGGGAGCTGATGACCTTTGGAGCTGAGCCCTATGCTGGCCTGCGCCTGGCTGAGATCCCAGACCTGCTGGAGAAGGGAGAGCGCCTGGCCCAGCCCCAGATCTGCACCATTGATGTCTACATGGTGATGGTGAAGTGCTGGATGATTGATGAGAACATCAGGCCCACCTTCAAGGAGCTGGCCAATGAGTTCACCAGGATGGCCCGGGACCCACCCCGCTACCTGGTGATCAAGAGAGCCTCTGGCCCTGGCATCCCCCCAGCTGCTGAGCCCTCTGCCCTGTCCACCAAGGAGCTGCAGGATGCTGAGCTGGAGCCAGACCTGGACCTGGACCTGGATGTGGAGGTGGAGGAGGAGGGCCTGGCCACCACCCTGGGCTCTGCCCTGTCCCTGCCCACTGGCACCCTGACCAGGCCCCGGGGCTCCCAGTCCCTGCTGTCCCCCTCCTCTGGCTACATGCCCATGAACCAGTCCAACCTGGGAGAGGCCTGCCTGGACTCTGCTGTGCTGGGAGGCAGAGAGCAGTTCTCCAGGCCCATCTCCCTGCACCCCATCCCCAGAGGCAGGCAGACCTCAGAGTCCTCAGAGGGCCATGTGACTGGCTCTGAGGCTGAGCTGCAGGAGAGAGTGTCCATGTGCCGCAGCCGCTCCCGCTCCCGCTCCCCCCGGCCCCGGGGAGACTCTGCCTACCACTCCCAGCGCCACTCCCTGCTGACCCCAGTGACCCCACTGTCCCCACCAGGCCTGGAGGAGGAGGATGGCAATGGCTATGTGATGCCAGACACCCACCTGCGAGGCACCTCCTCCTCCCGGGAGGGCACCCTGTCCTCTGTGGGCCTGTCCTCTGTCCTGGGCACAGAGGAGGAGGATGAGGATGAGGAGTATGAGTACATGAACAGGAAGCGCAGAGGCTCCCCAGCCCGGCCACCCCGCCCTGGCTCCCTGGAGGAGCTGGGCTATGAGTACATGGATGTGGGCTCTGACCTGTCTGCCTCCCTGGGCTCCACCCAGTCCTGCCCTCTGCACCCCATGGCCATTGTGCCCTCTGCTGGCACCACCCCAGATGAGGACTATGAGTACATGAACAGGCGCCGTGGAGCTGGAGGCTCTGGAGGAGACTATGCTGCCATGGGAGCCTGCCCAGCTGCTGAGCAGGGCTATGAGGAGATGAGAGCCTTCCAGGGCCCTGGCCACCAGGCCCCCCATGTGCGCTATGCCAGGCTGAAGACCCTGAGGTCCCTGGAGGCCACAGACTCTGCCTTTGACAACCCAGACTACTGGCACTCCAGGCTCTTCCCCAAGGCCAATGCCCAGAGGATCTGA
F9,ATGAAGCACCTGAACACTGTCATGGCTGAGTCCCCAGCCCTCATCACCATCTTCCTGCTGGGCTACCTGCTGTCCACAGAGTGTGCTGTGTTCCTGGACAGAGAGAATGCCACCAAGATCCTGACCAGGCCCAAGCGCTACAACTCTGGGAAGCTGGAGGAGTTTGTGCGTGGCAACCTGGAGAGAGAGTGCATTGAGGAGCGCTGCTCCTTTGAGGAGGCCCGGGAGGTGTTTGAGAACACAGAGAAGACCACAGAGTTCTGGAAGCAGTATGTGGATGCCACCTGCAACATCAAGAATGGCCGCTGCAAGCAGTTCTGCAAGAACTCCCCAGACAACAAGGTCATCTGCTCCTGCACAGAGGGCTACCAGCTGGCTGAGGACCAGAAGTCCTGTGAGCCCACTGTGCCCTTCCCCTGTGGCAGAGCCTCCATCTCCTACTCCTCCAAGAAGATCACCAGAGCTGAGACTGTGTTCTCCAACATGGACTATGAGAACTCCACAGAGGCTGTCTTCATCCAGGATGACATCACAGATGGAGCCATCCTGAACAATGTGACAGAGTCCTCAGAGTCCCTCAATGACTTCACCAGAGTGGTGGGAGGAGAGAATGCCAAGCCAGGACAGATCCCCTGGCAGGTCATCCTCAATGGAGAGATTGAAGCCTTCTGTGGAGGAGCCATCATCAATGAGAAGTGGATTGTCACAGCTGCCCACTGCCTGAAGCCAGGAGACAAGATTGAAGTGGTGGCTGGAGAGTACAACATTGACAAGAAGGAAGACACAGAGCAGAGGCGCAATGTCATCAGGACCATCCCACACCACCAGTACAATGCCACCATCAACAAGTACTCCCATGACATTGCCCTGCTGGAGCTGGACAAGCCACTCATCCTGAACTCCTATGTGACCCCCATCTGTGTGGCCAACAGAGAGTACACCAACATCTTCCTGAAGTTTGGCTCTGGCTATGTGTCTGGCTGGGGCAAGGTGTTCAACAAGGGACGCCAGGCCTCCATCCTGCAGTACCTGCGTGTGCCCCTGGTGGACAGAGCCACCTGCCTGCGCTCCACCACCTTCACCATCTACAACAACATGTTCTGTGCTGGCTACAGAGAGGGAGGCAAGGACTCCTGTGAGGGAGACTCTGGAGGCCCCCATGTGACAGAGGTGGAGGGCACCTCCTTCCTGACTGGCATCATCTCCTGGGGAGAGGAGTGTGCCATGAAGGGAAAGTATGGCATCTACACCAAGGTGTCCCGCTATGTGAACTGGATCAAGGAGAAGACCAAGCTGACCTGA
Fndc1,ATGGCCCCAGAGGCCCGGGCCTCCCCCCGCCTGCTGCTGCGGGCTGCCCTGCTGCTGCTGGCTGCCCTGCTGCCTGTGGCCACCTCTGCTGGACCCCCTGTGGACCACCCACTGAAGCCCCGCCATGTGAAGCTGCTGTCCACCAACATGGGCCTGAAGGTGACCTGGGACCCACCCAAGGATGCCTCCTCCAGGCCAGTGGAGTACTACAACATTGCCTATGGGAAGAGCCTGAAGTCCCTGAAGTCCATCAAGGTGAATGCTGAGACCCACTCCTTCCTGATCAAGGATGTGGAGAAGGAAGTGCCCAACAAGCCACTGAGGATGAGAGTGCGGGCCTCTGATGACCGCCTCTCTGTGGCCTGGAAGGCCCCCCGCCTGTCTGGAGCCAAGAGCCCCCGCCGCTCCCGGGGCTTCCTGCTGGGCTATGGAGAGTCTGGCAGGAAGATGAACTATGTGCCTCTGACCAGAGATGAGCGCTCCCATGAGATCAAGAAGCTGGCCTCTGAGTCTGTCTATGTGGTCTCCCTGCAGTCCACCAACTCCCAGGGCCAGTCCCAGCCAGTCTACCGGGCTGCCCTGACCAAGAGGAAGCATGCTGAGGAGGATGAGCTGGATGTGCCAGAGGACATCTCTGTGAGAGTGATGTCCTCCCAGTCTGTGCTGGTGGCCTGGGTGGACCCCCTGGTGGAGAAGCAGAAGAGAGTGGTGGCCTCCCGCCAGTACACTGTGCGCTACAGAGAGAAGGGAGAGTCTGCCCGCTGGGACTACAAGCAGGTGTCCAACCGCAGAGTGCTGGTGGACTCCCTCATCCCAGACACTGTCTATGAGTTTGCTGTGAGGATCTCCCAGGGAGAGAGAGATGGGAAGTGGTCAGCCTCCATCTTCCAGAGGACCCCAGAGTCTGCCCCCACCACAGCCCCAGAGAACCTGCGGGTGTGGCCAGTGTCTGGGAAGCCCACAGTGGTCACTGTGTCCTGGGATGCCCTGCCAGAGTCAGAGGGGAAGGTGAAGGAGTACATCCTGTCCTATGCCCCAGCCCTGAAGCCCTTTGGAGCCAAGTCCCTGACCTTCTCTGGCCACACCACCTCAGCCCTGGTGGATGGCCTGCAGCCAGGAGAGCGCTACCTGTTCAAGATCAGAGCCACCAACCGCAGAGGCCCAGGACCCCACTCCAAGGCCTTCATTGTGGCCATCCCCACCACCTCCTCCACAGAGGCCTCTGCCCAGCCCAATGGCAGAGACTCCTCCAGGAAGCCAGAGAAGCTGCAGCAGCCCTCCTCCCCAGCCCCCAAGGTGGCTGCCTCCTCTGAGCACACCCCCTCAGCCAAGAATGTGAAGGATGCCCTGTCTGACCTGAACAAGATCAGGACCAACTCTGTGGTCCCAGGAAAGACCCAGCTGCACTCCAAGATGGGAGAGCTGGACCCCCAGTCCACAGAGGTGACTGGAGAGGAGGAGCTGGACTCCCTGGAGGACCCCCGCTCCTCCCGCCTGGAGACCCTGAACCAGAAGCAGCCACTGCGTGTGCCCTCCCGCTCTGGCCATGGAGTCCTGACCCCAGGCAGGACCCCAGCCCGCACTGGCCTGCCTGTGCTGCCCAGGAAGGAGGTGATGGACCGCCGTGGCCCCTCCCTGGACCCCCACCTGCGGCCCCGGGTGGAGCCCTCTGCCTCCTCTGCCTACCACCAGCTGTCCTCCATTGACAATGACTCTGTGGACCAGAATGAGTATGACCAGGCTGGCTCCCCAGACCCCAAGGCTGTGTCCTCCCCCTCCTCCCCCAAGAACCCAGCCCGCTCCCGCCTGACCTCTGTGCCCTCCCGCCATGCTGCCTCCAACATGCTGCGGGACAAGAGCAGGATGCAGCCAGGCACCAAGGCCTCCTCCTCCTCTGCCTCCTCCCAGTCCCACTCCTCCACCTCAGAGGAGGACTCCTCTGCTGCTGCCCAGCCCCGCTCCCACTCCCTGCTGCAGGGAGGCTCCTCCCGCCCAGCCCTGTCCCGGGACCGCCAGGATGTGCATGCCTCCTCCTCCAGGATGCCCTCCCAGACAGTGTCCTCCTCCAGGCCCTCTGCCCTGACTGAGGGCTCTGAGGAGGAGGACACCTCAGATGGAGGAGCTGACATTGACAGAGCTGCTGGAGACACCAGGCGCCGGGCTGAGGCCACTGCCCAGATCCAGCAGACCAGGCCAGCCCTGGGCCACTTCTCCCTCATCAGGAACAAGCCCTTCCCAGCCCACTCCAGGAACCCCTCCCGCTTCCCCAAGCTGCGAGGCCCCCGCCTGCAGCCCTCCCGCTCCCCCCAGTCCACCTCAGCCTCCAAGGTGCTGACCCGGGCCCCCTCCCTGCCAGCCTCCCACACCCGCCCAGGCTCTGATGTCTATGGAGATGGAGAAGATGAGGAGCCCCTGCCAGCCACTGTGGTGAATGACAGGACCCCCTCCTCCTCCTCCCACCCCATCTCTGGAGGCTCTGACACCCTGCGCCGTGGCTCCCAGCGTGGAGCCTCCCTCTACAGGAAGGAGCCCATCCCAGAGAACTCCAAGGCTGCTGGAGCTGATGTGCACCCTGGAGGAAAGAGCCCACTGTCCTCCAAGGCCCAGGGCTTCCAGCTGTCCACAGATGAGGGAGCCCCCCAGACACCACCCTCCTCCACCTCCAGGCAGCTGTCCCCAGCCCGCCACCCAGCCTCCCGCTCCCAGCCCTCCCCAGGCTCCACTGTGCCCAGGAGGATGGCCCCTGGCCGCTCCTCTGAGCTGTCCTCCTCCCAGTCCAAGGACCGCTCCCTGTCCCAGCCCAAGCTGTCCCTGGCCCACACTGGCCCAGACAGGCCCCATGCTGCCAACTCCCGTGGAGTGCTGCCCTCTGCCCCCCAGAACCAGAATGAAGGCTCCCAGTCCTCCTATGAGGACAACTCCACAGAGATTGAAGGCCCAGACCCCCGGGCCCCCACCCACTCAGCCCATGCCAAGGACACCACACCCTCCATCCTGAAGCCACAGCAGATGGGCTCCCAGTCTGGAAACTCTGGAAACAGGCCCCAGCCCTCCCGCTCTGGAGCCTCTGAGAGGCCCATCCGCCCAGGCTCCACCCACCCCAGAGTGCAGGTGCCTGGCAGAGCTGGCCTGCAGGCCACCCCAGCCAAGAAGATCTCCTCCTCCAAGCACCCACTGCCACCAGAGTCCCAGCAGTCTGTCTTCACAGAGGAGGAGGAGGAGAATGAAGGCATCCTGAAGGGAAAGGAAGACTCCCTGTCCACCTCTGTGAAGAAGTGGCCCTCCTCCTCCTCCCCCAGGAACAACAAGTATGCTGACAGGAACCTGGACAGAGACAAGGCTGCCATTGGCCAGCTGGTGCAGGAGGAGGACTCCATCCCAGGCAGGAGGTCCCCAGGCTCCCCACCCATTGCCTCCCACCCACCCACCTGGTACCAGCCCAGGAACCCAGTGACAGCCTCCCCCTCTGCCTCCACCCACTCCTGGCCCCGCTACACCACCCGGGCCCCCTCCACCTACTCCTCCACCACCCCCATGCTGTCCCTGCGGCAGAGGATGCAGCGCCGCTTCAGGACCCCAGTGTCCAGGCAGCCACCACCCCGCCCTGTGCTGACCTCTGGCTACAATGGCAGAGCCAATGTGGGAGAGAACATCCCTCCAGGCTCCATTGGAAAGCCCAATGGCCAGAGGATCATCAATGGACCCCAGGGCACCAAGTGGGTGGTGGACCTGGACCGTGGCCTGGTGCTCAATGCTGAGGGCCGCTACCTGCAGGACTCCCATGGCAACCCCCTGCGGGTGCGCCTGGGAGGAGATGGCAGGACCATTGTGGACCTGGGAGGCACCCCCATGGTGTCCCCAGATGGCCTGCCTCTCTTTGGCCAGGGCCGCCATGGGAAGCCAGTGGCCTCTGCCCAGGACAAGCCCATCCTGTCCCTGGGAGGGAAGCCCCTGGTGGGCCTGGAGGTGATCAAGACCACCACCTACAGCCCCACCACCACCATGCTGCCCACCACCACCACCACCACTGTGCTGACCACCACCACCAGGCCACCCACCACCACCACCACCACCACCAGGAGGACCACCACCAGGAGGACCACCACCACCAGGCACCCCACCACCACCATCAGAGCCACCAGGAGGACCACCACCACCACCACCACCCCAGAGCCCACCACCCCCTCACCCACCTGCCCCCCAGGCACCCTGGAGCACCAGGATGAGGCTGGCAACCTCATCATGGGCTCCAATGGCATCCCAGAGTGCTACCCAGAGGAGGATGACTTCTCTGGCCTGGAGACAGACACAGCTCCACCCACAGAGGAGGACTATGTGGTCTATGATGATGACTATGGCTTTGAGACCACCAGGCCACCCACCTCCACCATGCCCTCCACCACAGCTGCCACCCCCAAGGTCATCCCAGAGCAGGGCACTGTGTCCTCCTTCCCAGAGGAGGAGTTTGACCTGGCTGGGAAGAGGCGCTTTGTGGCCCCCTATGTCACCTACCTGTCCAAGGACCCCACAGCCCCCTGCTCCCTGACTGATGCCCTGGACCACTTCCAGGTGGAGTCCCTGGATGAGCTGATCCCCAATGACCTGACCAAGTCTGACCTGCCACCACAGCATGCCCCCAGGAACATCACTGTGGTGGCCATGGAGGGCTGCCACTCCTTTGTCATTGTGGACTGGAACAAGGCCATCCCTGGAGATGTGGTCACTGGCTACCTGGTGTACTCTGCCTCCTATGAGGACTTCATCAGGAACAAGTGGTCCACCCAGACCTCCTCTGTGACCCACCTGCCCATTGAGAACCTGAAGCCCAACACCCGCTACTACTTCAAGGTGCAGGCCAAGAACCCCCATGGCTATGGCCCTGTGTCCCCCTCTGTGTCCTTTGTGACAGAGTCAGACAACCCTCTGCTGGTGGTGCGGCCCCCTGGAGGAGAGCCCATCTGGATCCCCTTTGCCTTCAAGCATGACCCAGGCTACACAGACTGCCATGGCCGCCAGTATGTGAAGAGGACCTGGTACAAGAAGTTTGTGGGAGTGGTCCTCTGCAACTCCCTGCGCTACAAGATCTACCTGTCTGACAACCTGAAGGACACCTTCTACTCCATTGGAGACTCCTGGGGCCGTGGAGAGGACCACTGCCAGTTTGTGGACTCCCACCTGGATGGCCGCACAGGACCCCAGTCCTACATTGAGGCCCTGCCCAACATCCAGGGCTACTACCGGCAGTACCGCCAGGAGCCAGTGTCCTTTGGCCACATTGGCTTTGGAACCCCCTACTACTATGTGGGCTGGTATGAGTGTGGAGTCTCCATCCCAGGAAAGTGGTGA
Gdf2,ATGTCCCCAGGAGCCTTCCGGGTGGCCCTGCTGCCTCTCTTCCTGCTGGTGTGTGTCACCCAGCAGAAGCCACTGCAGAACTGGGAGCAGGCCTCCCCAGGAGAGAATGCCCACTCCTCCCTGGGCCTCTCTGGAGCTGGAGAGGAGGGAGTCTTTGACCTGCAGATGTTCCTGGAGAACATGAAGGTGGACTTCCTGCGCTCCCTGAACCTGTCTGGCATCCCCTCCCAGGACAAGACCAGAGCTGAGCCACCCCAGTACATGATTGACCTCTACAACCGCTACACCACAGACAAGTCCTCCACCCCAGCCTCCAACATTGTGCGCTCCTTCTCTGTGGAAGATGCCATCTCCACAGCTGCCACAGAGGACTTCCCCTTCCAGAAGCACATCCTCATCTTCAACATCTCCATCCCCAGGCATGAGCAGATCACCCGGGCTGAGCTGCGCCTCTATGTGTCCTGCCAGAATGATGTGGACTCCACCCATGGCCTGGAGGGCTCCATGGTGGTCTATGATGTCCTGGAGGACTCTGAGACCTGGGACCAGGCCACTGGCACCAAGACCTTCCTGGTGTCCCAGGACATCAGAGATGAGGGCTGGGAGACCCTGGAGGTGTCCTCTGCTGTGAAGCGCTGGGTGCGGGCTGACTCCACCACCAACAAGAACAAGCTGGAGGTGACTGTGCAGTCCCACAGAGAGTCCTGTGACACCCTGGACATCTCTGTGCCTCCAGGCTCCAAGAACCTGCCCTTCTTTGTGGTCTTCTCCAATGACAGGTCCAATGGCACCAAGGAGACCCGCCTGGAGCTGAAGGAGATGATTGGCCATGAGCAGGAGACCATGCTGGTGAAGACAGCCAAGAATGCCTACCAGGTGGCTGGAGAGTCCCAGGAGGAGGAGGGCCTGGATGGCTACACAGCTGTGGGCCCCCTGCTGGCCAGGAGGAAGCGCTCCACTGGAGCCTCCTCCCACTGCCAGAAGACCTCCCTGAGAGTGAACTTTGAGGACATTGGCTGGGACTCCTGGATCATTGCCCCCAAGGAGTATGATGCCTATGAGTGCAAGGGAGGCTGCTTCTTCCCCCTGGCTGATGATGTGACCCCCACCAAGCATGCCATTGTGCAGACCCTGGTGCACCTGAAGTTCCCCACCAAGGTGGGCAAGGCCTGCTGTGTGCCCACCAAGCTGTCCCCCATCTCCATCCTCTACAAGGATGACATGGGAGTGCCCACCCTGAAGTACCACTATGAGGGCATGTCTGTGGCTGAGTGTGGCTGCCGCTGA
Glipr1l1,ATGGCCCTGAAGAAGAAGCTGAACTTCCTGTGGACCCTGGTGCTCTACCTCATTGCCTCCAGGCTGCCCAAGGCCTTTGGGAAGGACCTGCCCAGAGTGCCCACCATCACAGACCCCAAGTTCATTGATGCCTTCCTGAACATCCACAATGAGCTGAGGAGGAAGGTGCAGCCCCCAGCTGCTGACATGAACCAGCTGTTCTGGGACCAGCAGCTGGCCAAGCTGGCCAAGGCCTGGACCAGAGAGTGCAAGCTGGCCCACAACCCCTGCATCAAGCAGCGCTATGAGTGCCTGGAGGACTATGACTTCATTGGAGAGAACATCTACCTGGGCCGCATTGAGACCCAGCCAGAGGATGTGGTCATCAACTGGTACAATGAGTCCAAGTACTTCAACTTTGACTTCAACACCTGCTCAGAGATGTGTGGCCACTACACCCAGGTGGTGTGGGCCAAGACAGTGAAGATTGGCTGTGCTGTGTCCAACTGTCCCAACCTGAAGGGCTTCTCTGCTGGCCTCTTTGTGTGCAACTACTCCCCAGCTGGGAACTTCATTGGCTTCAGGCCCTACACCAGAGGAGACTCCTGCTCCATGTGTGGGCAGAAGACCTGTGAGAACTCCCTCTGCAGGCCCATGAACAGGAAGACACCACACCACAAGGCTGCCTGCCATGTGCTGGTCCTGGGCTTCATCCTGCAGTCCCTGCTGTGA
Hamp,ATGGCCCTGTCCACCAGGACCCAGGCTGCCTGCCTGCTGCTGCTGCTGCTGGCCTCCCTGTCCTCCACCACCTACCTGCACCAGCAGATGAGGCAGACCACAGAGCTGCAGCCACTGCATGGAGAGGAGTCCCGGGCTGACATTGCCATCCCCATGCAGAAGAGGAGGAAGAGAGACACCAACTTCCCCATCTGCATCTTCTGCTGCAAGTGCTGCAACAACTCCCAGTGTGGCATCTGCTGCAAGACCTGA
Ifng,ATGAATGCCACCCACTGCATCCTGGCCCTGCAGCTCTTCCTGATGGCTGTGTCTGGCTGCTACTGCCATGGCACTGTCATTGAGTCCCTGGAGTCCCTGAACAACTACTTCAACTCCTCTGGCATTGATGTGGAGGAGAAGTCCCTCTTCCTGGACATCTGGAGGAACTGGCAGAAGGATGGAGACATGAAGATCCTGCAGTCCCAGATCATCTCCTTCTACCTGCGGCTCTTTGAGGTGCTGAAGGACAACCAGGCCATCTCCAACAACATCTCTGTCATTGAGTCCCACCTCATCACCACCTTCTTCTCCAACTCCAAGGCCAAGAAGGATGCCTTCATGTCCATTGCCAAGTTTGAAGTGAACAACCCCCAGGTGCAGCGCCAGGCCTTCAATGAGCTGATCCGTGTGGTCCACCAGCTGCTGCCAGAGTCCTCCCTGAGGAAGAGGAAGCGCTCCCGCTGCTGA
Il19,ATGAAGACCCAGTGTGCCTCCACCTGGCTGCTGGGCATGACCCTCATCCTCTGCTCTGTGCACATCTACTCCCTGCGCCGCTGCCTCATCTCTGTGGACATGAGGCTCATTGAGAAGTCCTTCCATGAGATCAAGAGAGCCATGCAGACCAAGGACACCTTCAAGAATGTCACCATCCTGTCCCTGGAGAACCTGAGGTCCATCAAGCCAGGAGATGTGTGCTGCATGACCAACAACCTGCTGACCTTCTACAGAGACAGAGTCTTCCAGGACCACCAGGAGCGCTCCCTGGAGGTGCTGAGGAGGATCTCCTCCATTGCCAACTCCTTCCTCTGTGTGCAGAAGTCCCTGGAGCGCTGCCAGGTGCACAGGCAGTGCAACTGCTCCCAGGAGGCCACCAATGCCACCAGGATCATCCATGACAACTACAACCAGCTGGAGGTGTCCTCTGCTGCCCTGAAGTCCCTGGGAGAGCTGAACATCCTGCTGGCCTGGATTGACAGGAACCACCTGGAGACCCCAGCTGCCTGA
Inha,ATGGCTGTGCCTGTGTCCCTGGGCCAGGGACCACCCCGCTGGGCTGTGCTGCACCTGGCTGCCTCTGCCTTCCCTCTGCTGACCCACCCCATCCTGGTGCTGCTGCTGCGCTGCCCCCTCTGCTCCTGCTCTGGCAGGCCAGAGACCACACCCTTCCTGGTGGCCCACACCCGGGCCCGGGCCCCCTCTGCTGGAGAGCGGGCCCGCCGCTCCACCCCCTCTGTGCCCTGGCCCTGGTCCCCAGCTGCCCTGCGCCTGCTGCAGAGGCCCCCAGAGGAGCCAGCTGCCCATGCCTTCTGCCACCGGGCTGCCCTGAACATCTCCTTCCAGGAGCTGGGCTGGGACCGCTGGATTGTCCACCCACCATCCTTCATCTTCCACTACTGCCATGGCTCCTGTGGCATGCCCACCTCTGACCTGCCTCTGCCTGTGCCTGGAGTGCCACCCACCCCAGTGCAGCCACTGTTCCTGGTGCCTGGAGCCAAGCCCTGCTGTGCTGCCCTGCCTGGCTCCATGCGCTCCCTGCGGGTGAGGACCACCTCTGATGGAGGCTACTCCTTCAAGTATGAGATGGTGCCCAACCTCATCACCCAGCACTGTGCCTGCATCTGA
Insl6,ATGAAGCAGCTCTGCTGCTCCTGCCTGCTGTGGCTGGGCCTGCTGCTGACCCCCTTCTCCCGGGAGGAGGAGGAGGAGTCCAGGCCCAGGAAGCTCTGTGGCCGCCACCTGCTCATTGAGGTCATCAAGCTCTGTGGCCAGTCTGACTGGTCCCGCTTTGAGATGGAGGAGCAGAGCCCCATGACCCAGTTCTTCCCCCACTACTCCAGGAAGGGCAAGGCCTTCAACCCCCACCCCTCCTCCTCAGCCTGGAGGCGCTTCACCAACCCAGTGCCTGCTGGAGTGTCCCAGAAGAAGGGCACCCACACCTGGGAGCCCCAGTCCCTGCCAGACTACCAGTTTGAGAAGACAGAGCTGCTGCCCAAGGCCAGAGTCTTCTCCTACCACTCAGGGAAGCCCTATGTGAAGTCTGTGCAGCTGCAGAAGAAGTCCACCAACAAGATGAACACCTTCCGCTCCCTGTTCTGGGGCAACCACTCCCAGAGGAAGCGCAGAGGCTTTGCTGACAAGTGCTGTGTCATTGGCTGCACCAAGGAAGAGATGGCTGTGGCCTGCCTGCCCTTTGTGGACTTCTGA
Itih3,ATGAGGACCATGTGGTGGCCCTGCCTGGTGCTGGCCCTGCTGTCTGGCCTGGAGACCTCTGGCTTCCCCAGGAGCCCCCTGCAGCTGCTGGGGAAGAGGTCCCTGCCTGAGGGAGTGGTGGATGGCATTGAAGTGTACTCCACCAAGATCTCCTGCAAGGTGACCTCCCGCTTTGCCCACAATGTGGTCACCACCAGAGCTGTGAACAGAGCTGACACAGCCAAGGAGGTGTCCTTTGATGTGGAGCTGCCCAAGACAGCCTTCATCACCAACTTCACCCTGACCATTGATGGAGTCACCTACCCAGGCAATGTGAAGGAGAAGGAAGTGGCCCAGAAGCAGTATGAGAAGGCTGTGTCCCAGGGAAAGACAGCTGGCCTGGTGAAGGCCTCTGGCAGGAAGCTGGAGAAGTTCACTGTGTCTGTGAATGTGGCTGCTGGCTCCAAGGTGACCTTTGAGCTGACCTATGAGGAGCTGCTGAAGAGGAACAAGGGAAAGTATGAGATGTACCTGAAGGTGCAGCCCAAGCAGCTGGTGCGCCACTTTGAGATTGATGCCCACATCTTTGAGCCCCAGGGCATCTCCATGCTGGATGCTGAGGCCTCCTTCATCACCAATGACCTGCTGGGCTCTGCCCTGACCAAGTCCTTCTCTGGGAAGAAGGGCCATGTGTCCTTCAAGCCCTCCCTGGACCAGCAGCGCTCCTGCCCCACCTGCACAGACTCCCTGCTGAATGGAGACTTCACCATTGTCTATGATGTGAACAGAGAGTCCCCAGGCAATGTGCAGATTGTGAATGGCTACTTTGTGCACTTCTTTGCCCCCCAGGGCCTGCCTGTGGTGCCCAAGAACATTGTCTTTGTCATTGATGTGTCTGGCTCCATGTCTGGCAGGAAGATCCAGCAGACCAGAGAGGCCCTGCTGAAGATCCTGGATGATGTGAAGGAAGATGACTACCTGAACTTCATCCTCTTCTCCACAGATGTGACCACCTGGAAGGACCACCTGGTGCAGGCCACCCCAGCCAACCTGAAGGAAGCCAAGACCTTTGTGAAGAACATCCATGACCAGTCCATGACCAACATCAATGATGGCCTGCTGAAGGGCATTGAGATGCTGAACAAGGCCCGGGAGGACCACACAGTGCCAGAGAGGTCCACCTCCATCATCATCATGCTGACTGATGGAGATGCCAACACTGGAGAGTCCAGGCCAGAGAAGATCCAGGAGAATGTGAGGAATGCCATTGGAGGCAAGTTCCCCCTCTACAACCTGGGCTTTGGAAACAACCTGAACTACAACTTCCTGGAGACCCTGGCCCTGGAGAACCATGGCCTGGCCAGGCGCATCTATGAGGACTCTGATGCCAACCTGCAGCTGCAGGGCTTCTATGAGGAGGTGGCCAACCCTCTGCTGACCAATGTGGAAGTGGAGTACCCAGAGAATGCCATCCTGGACCTGACCAGGAACTCCTACCCACACTTCTATGATGGCTCTGAGATTGTGGTGGCTGGCCGCCTGGTGGACAGGAACATGGACAACTTCAAGGCTGATGTGAAGGGCCATGGAGCCCTCAATGACCTGACCTTCACAGAGGAAGTGGACATGGAGGAGATGGATGCTGCCCTGAAGGAGCAGGGCTACATCTTTGGAGACTACATTGAGAGGCTGTGGGCCTACCTGACCATTGAGCAGCTGCTGGAGAAGAGGAAGAATGCCAAGGGAGATGAGAAGGAGAACATCACAGCTGAGGCCCTGGACCTGTCCCTGAAGTACCACTTTGTGACTCCACTGACCTCCATGGTGGTGACCAAGCCAGAAGACAATGAAGACCAGACCTCCATTGCTGACAAGCCAGGAGAAGAAGCCATTGCTGAGACCACCACCATGTCCTTCCTGACCACCCAGCAGTCCTCCCAGAGCCCCTACTACTATGTGGATGGAGACCCACACTTCATCATCCAGATCCCAGGAAAGAATGACTCCATCTGCTTCAACATTGATGAGAAGCCAGGCACTGTCCTGCGGCTCATCCAGGACCCAGTGACTGGCATCACAGTGACTGGACAGATCATTGGAGACAAGCGCTCCAATGCCTCCTCCAGGACAGGGAAGACCTACTTTGGAAAGCTGGGCATCACCAATGCCTGGATGGACTTCAGAGTGGAGGTGACCACAGAGAAGATCATCCTGGGCACTGGAGCTGAGCTGTCCACCTTCTCCTGGCTGGACACCATCACTGTGACCCAGACTGGCCTCTCTGTGACCATCAACAGGAAGAAGAACATGGTGGTCTCCTTTGGAGATGGCATCTCCTTTGTCATCATCCTGCACCAGGTGTGGAAGAAGCACCCAGTGCACCAGGACTTCCTGGGCTTCTATGTGGTGGACTCCCACAGGATGTCTGCCCAGACCCATGGCCTCCTGGGCCAGTTCTTCCAGCCCTTTGACTTCAAGGTGTTTGGCATCAGGCCAGGCTCTGACCCCACCAAGCCAGATGCCACCATGGTGGTGAAGAACCACAGGCTCACTGTGACCAGAGGCTCCCAGAAGGACTACAGGAAGGATGCCTCTGTGGGCACCAAGGTCATCTGCTGGTTTGTGCACAACAATGGAGAAGGCCTCATTGATGGAGTCCACACAGACTACATTGTGCCCTCCCTCTTCTGA
Klk10,ATGAGAGTGCCTCTGCTGCACCTGTCCACAGCCTCTGGCTCCTGGTCCCTGGTGAAGCTGCTGCTGCCTCTGCTGATGGTGCAGCTGTGGGCTGCCCAGGCCCTGCTGCTGCCTGGCAATGCCACCCGGGTGGACCTGGAGGCCTCTGGAGCCCAGTGTGAGAGAGACTACCACCCCTGGCAGGTGTCCCTCTTCCACAACCTGCAGTTCCAGTGTGCTGGAGTCCTGGTGGACCAGAACTGGGTGCTCACTGCTGCCCACTGCTGGAGGAACAAGCCACTGCGGGCCCGGGTGGGAGATGACCACCTGCTGCTCTTCCAGAAGGAGCAGCTGCGCTCCACCTCCTCCCCAGTCTTCCACCCCAAGTACCAGGCCTGCTCTGGACCCATCCTGCCCCACCGCTCTGATGAGCATGACCTGATGATGCTGAAGCTGTCCTCCCCAGTGATGCTGACCTCCAATGTGCACCCAGTGCAGCTGCCCTTCCGCTGCTCCCAGCCAGGCCAGGAGTGCCAGGTGTCTGGCTGGGGCACCTCAGCCTCCCGCCGGGTGAAGTACAACCGCTCCCTGTCCTGCTCCAAGGTGACCCTGCTGTCCCAGAAGCAGTGTGAGACCTTCTACCCAGGAGTCATCACCAACTCCATGATCTGTGCTGAGGCTGATGGCAACCAGGACTCCTGCCAGTCTGACTCTGGAGGCCCCCTGGTGTGTGATGACACCCTGCATGGAGTCCTGTCCTGGGGCATCTACCCCTGTGGAGCTGCCCAGCACCCCTCTGTCTACTCTGAGATCTGCAAGTACACACCCTGGATCCGCAGAGTCATCCGCTTCAAGTGA
Lgals1,ATGGCCTGTGGCCTGGTGGCCTCCAACCTGAACCTGAAGCCAGGAGAGTGCCTGAAGGTGCGTGGAGAGGTGGCCTCTGATGCCAAGTCCTTTGTGCTGAACCTGGGGAAGGACTCCAACAACCTCTGCCTGCACTTCAACCCCAGGTTCAATGCCCATGGAGATGCCAACACCATTGTGTGCAACACCAAGGAAGATGGCACCTGGGGCACAGAGCACAGAGAGCCAGCCTTCCCCTTCCAGCCAGGCTCCATCACAGAGGTGTGCATCACCTTTGACCAGGCTGACCTGACCATCAAGCTGCCAGATGGCCATGAGTTCAAGTTCCCCAACAGGCTGAACATGGAGGCCATCAACTACATGGCTGCTGATGGAGACTTCAAGATCAAGTGTGTGGCCTTTGAGTGA
Lgals3,ATGGCTGACTCCTTCTCCCTCAATGATGCCCTGGCTGGCTCTGGAAACCCCAACCCCCAGGGCTACCCAGGAGCCTGGGGCAACCAGCCAGGAGCTGGAGGCTACCCAGGAGCTGCCTACCCTGGAGCCTACCCAGGCCAGGCCCCACCTGGAGCCTACCCAGGCCAGGCCCCACCTGGAGCCTACCCAGGCCAGGCCCCACCCTCTGCCTACCCAGGACCCACAGCCCCAGGAGCCTACCCAGGACCCACAGCCCCAGGAGCCTACCCAGGCTCCACAGCCCCTGGAGCCTTCCCAGGACAGCCAGGAGCCCCTGGAGCCTACCCCTCAGCCCCTGGAGGCTACCCAGCTGCTGGCCCCTATGGAGTCCCTGCTGGACCCCTGACTGTGCCCTATGACCTGCCTCTGCCTGGAGGAGTCATGCCCAGGATGCTGATCACCATCATGGGCACTGTGAAGCCCAATGCCAACCGCATTGTCCTGGACTTCCGCAGAGGCAATGATGTGGCCTTCCACTTCAACCCCAGGTTCAATGAGAACAACCGCAGAGTCATTGTGTGCAACACCAAGCAGGACAACAACTGGGGAAAGGAAGAGAGGCAGTCTGCCTTCCCCTTTGAGTCTGGGAAGCCCTTCAAGATCCAGGTCCTGGTGGAGGCTGACCACTTCAAGGTGGCTGTGAATGATGCCCACCTGCTGCAGTACAACCACAGGATGAAGAACCTGAGAGAGATCTCCCAGCTGGGCATCTCTGGAGACATCACCCTGACCTCAGCCAACCATGCCATGATCTGA
Lgi3,ATGGCTGGCCTGCGGGCCCGCCGGGGCCCAGGCCGCCGCCTGCTGGTGCTGTCCACCCTGGGCTTCTGCCTGATGCTGCAGGTGTCTGCCAAGAGGCCACCCAAGACACCACCCTGCCCACCCTCCTGCTCCTGCACCAGAGACACAGCCTTCTGTGTGGACTCCAAGTCTGTGCCCAAGAACCTGCCCTCAGAGGTCATCTCCCTGACCCTGGTGAATGCTGCCTTCTCTGAGATCCAGGATGGAGCCTTCTCCCACCTGCCTCTGCTGCAGTTCCTGCTGCTGAACTCCAACAAGTTCACCCTCATTGGAGACAATGCCTTCATTGGCCTCTCCCACCTGCAGTACCTGTTCATTGAGAACAATGACATCTGGGCCCTGTCCAAGTTCACCTTCCGAGGCCTGAAGTCCCTGACCCACCTGTCCCTGGCCAACAACAACCTGCAGACCCTGCCCAGAGACATCTTCCGGCCCCTGGACATCCTGTCTGACCTGGACCTGCGTGGCAATGCCCTGAACTGTGACTGCAAGGTGAAGTGGCTGGTGGAGTGGCTGGCCCACACCAACACCACAGTGGCCCCCATCTACTGTGCCTCCCCACCCCGCTTCCAGGAGCACAAGGTGCAGGACCTGCCTCTGCGGGAGTTTGACTGCATCACCACAGACTTTGTGCTCTACCAGACCCTGTCCTTCCCAGCTGTGTCTGCTGAGCCCTTCCTCTACTCCTCTGACCTCTACCTGGCCCTGGCCCAGCCAGGAGCCTCTGCCTGCACCATCCTGAAGTGGGACTATGTGGAGAGGCAGCTGCGGGACTATGACAGGATCCCAGCCCCCTCTGCTGTGCACTGCAAGCCCATGGTGGTGGATGGCCAGCTCTATGTGGTGGTGGCCCAGCTCTTTGGAGGCTCCTACATCTACCACTGGGACCCCAACACCACCCGCTTCACCAAGCTGCAGGACATTGACCCCCAGAGAGTGAGGAAGCCCAATGACCTGGAGGCCTTCCGCATTGATGGAGACTGGTTCTTTGCTGTGGCTGACTCCTCCAAGGCTGGAGCCACCTCCCTCTACCGCTGGCACCAGAATGGCTTCTACTCCCACCAGGCCCTGCACGCCTGGCACAGAGACACAGACCTGGAGTTTGTGGATGGAGAAGGAAAGCCCAGGCTCATTGTCTCCTCCTCCTCCCAGGCCCCTGTCATCTACCAGTGGTCCCGCTCCCAGAAGCAGTTTGTGGCCCAGGGAGAGGTGACCCAGGTGCCAGATGCCCAGGCTGTGAAGCACTTCAGAGCTGGCAGAGACTCCTACCTGTGCCTGTCCCGCTACATTGGAGACTCCAAGATCCTGCGCTGGGAGGGCACCCGCTTCTCTGAGGTGCAGGCCCTGCCCTCCCGGGGCTCCCTGGCCCTGCAGCCCTTCCTGGTGGGAGGCCACCGCTACCTGGCCCTGGGCTCTGACTTCTCCTTCACCCAGATCTACCAGTGGGATGAGGGCAGGCAGAAGTTTGTGCGCTTCCAGGAGCTGGCTGTGCAGGCCCCCCGGGCCTTCTGCTACATGCCAGCTGGAGATGCCCAGCTGCTGCTGGCCCCCTCCTTCAAGGGACAGACCCTGGTCTACCGCCATGTGGTGGTGGACCTGTCTGCCTGA
Lyzl6,ATGCTGAAGGCCCTCTTCATCTGTGTGGCCTCCTGCCTGCTGGTGGTCAATGATGGCAACATCATCCACCGCTGCTCCCTGGCCAAGATCCTCTATGAGGAGGACCTGGATGGCTTTGAAGGCTACTCCCTGCCAGACTGGCTCTGCCTGGCCTTTGTGGAGTCCAACTTCAACATCTCCAAGGTGAATGAGAATGTGGATGGCTCCTTTGACTATGGCATCTTCCAGATCAACTCCCGCTACTGGTGCAATGACTACCAGTCCCACTCAGAGAACTTCTGCCATGTGGACTGCCAGGAGCTGCTGTCCCCCAACCTCATCTCCACCATCCACTGTGCCAAGAAGATTGTCTCTGGACCTGGAGGCATGAAGAACTGGGTGGAGTGGAAGCTGCACTGCCTGGGCAGGCCCCTGTCCTACTGGATGACAGGCTGCCACCTGGGCTGA
Man2b2,ATGGGACCCCTGCGCTGGCTGCCTCTGCTGGGCCAGCTGCTGCTGCTGTGGCCCCGGGCTGCCCAGCCAGCTGGCCCCATCAGAGCCTTTGTGGTGCCCCACTCCCACATGGATGTGGGCTGGGTCTTCACTGTGCAGGAGTCCATGAGAGCCTATGCTGCCAATGTCTACACCACAGTGGTGGCTGAGCTGGTGCGTGGAGGCCAGAGGAGGTTCATTGCTGTGGAGCAGGAGTTCTTCCGGCTGTGGTGGGATGGAGTGGCCTCTGAGCAGCAGAAGCAGCAGGTGCGCCAGCTGCTGCATGAGGGCCGCCTGGAGTTTGTGCTGGGAGGCCAGGTGATGCATGATGAGGCTGTGACCCACCTGGATGACCAGATCCTGCAGCTGACTGAAGGCCATGGCTTCCTCTATGAGACCTTTGGCATCAGGCCTCAGTTCTCCTGGCATGTGGACCCCTTTGGAGCCTCTGCCACCACCCCCACCCTCTTTGCCCTGGCTGGCTTCAATGCCCACCTCATCTCCAGGATTGACTATGACCTGAAGGATGCCATGCAGGAGGCCCAGATGCTGCAGTTTGTGTGGCATGGCTCCCCCTCCCTGTCTGGGCAGCAGGAGATCTTCACCCATGTCATGGACCACTACTCCTACTGCACCCCCTCCCACATCCCCTTCTCCAACCGCTCTGGCTTCTACTGGAATGGAGTGGCTGTGTTCCCAGAGCCACCACCAGATGGAGTCTACCCCAACATGTCAGAGCCAGTGACTGGAGCCAACATCCACCTCTATGCTGAGGCCCTGGTGGCCAATGTGAAGCAGAGAGCTGCCTGGTTCAGGACCCCCCATGTGCTGTGGCCCTGGGGCTGTGACAAGCAGTTCTTCAATGCCTCTGTGCAGTTTGACAACATGGACCCACTGCTGGACTACATCAACCAGAGGACAGCCCAGTTTGGCATCTCTGTGCAGTATGCCACCCTCAATGACTACTTCCAGGCCCTGCATGCCACCAACATGACCTGGGGCATCAGAGACCACCAGGACTTCCTGCCCTACTCCTCTGAGCCCCTGCAGGCCTGGACAGGCTTCTACACCTCCCGCTCCACCCTGAAGGGCCTGGCCCGCCAGGCCTCTGCCCTGCTCTATGCTGGAGAGTCCATGTTCACCCGCTACATGTGGCCAGACCCCTCTGGGACCCTGGACCCCACCTGGGCCCTGCAGCAGCTGCAGCAGCTGCGCTGGGCTGTGTCTGAGGTGCAGCACCATGATGCCATCACAGGCACAGAGAGCCCCAAGGTGAAGAACATGTACACAGAGCACCTGAGGATGGGCATGCTGGGAGTGAGGAAGCTGATGGTGTCCATTGCCCTGGGAGGACCCCCAGGCTCTGGCACTGGAGCCCCCAAGGACATCATGGGACCCCAGGTGACCCCAGTGCTCTCTGTGGACACCAGGCCAGTGGGCTACTCTGCCTCTGTGTACAACCCCCTGGCCTGGAAGATCACCACCATCATCACCCTCACTGTGGCCTTCCCCAATGTGTCTGTGACAGATGAGCTGGGCCACCCAGTGTCCACCCAGATCCAGAACTCCACCAAGGACCCCTCAGCCTATGACCTGCTCATCCTGACCACCATCCCAGGACTGAACTACCGCCACTACCAGGTGATGCATGCCCGGGGAGACCAGGCTGGCACCAGAGAGCTGGTGGCCCCCCGGGCCAACACCCTGAAGTTCTCCCTGAAGCTGAGGAACCAGCCCTCCCAGGAGGGAAAGCGCCTGGTGCCTGTGATGAATGACTGCTACATCCTGCTCTTTGACCAGGACACCAACATGCTGCACTCCATCCAGGACAGGCAGTCCAACCGCACAGTGAGGATGACCCAGGAGTTCCTGGAGTACCAGGCCAACTGGGATGTGAAGCAGGGCCCCATCTCAGACAACTACCTCTTTGCCCCCAACAACACAGCTGAGCCCTCCTGGGAGGCTGTGGGCATGGAGATGGTGGCTGGCACCCTGGTGACAGACATCCGCCAGTACTTCTACCGCTACATCACAGACCAGGAGTACATCTACTCCATCCACACCCGCCTGGCCCACCCCTCCCTGGCTGGAGAGCTGCTCTGCCAGCGCATTGAGCAGCAGTACCGTGTGGGACCCCTGGACCTGAACAGAGAGGCCATCCTGAGGACCTCCTCTGACCTGAACTCCCAGCAGGTGCTCTACTCAGACAACAATGGCTACCAGATGCAGAGGAGGCCCTACAAGGCCTTCAAGTCCAACCCCATCCCCAGGAACTACTACCCCATGGTGCAGTCTGCCTTCATTGAAGATGACAAGTCCCGCCTGGTGCTGCTGGCTGAGAGGCCCCATGGAGTGTCCTCCCAGGGCAATGGCCAGGTGGAGGTGATGCTGCACCGCCGCCTGTGGAACAACCTGGCCTGGGACCTGAAGTACAACCTGACCCTCAATGACACCTCCATTGTCCACCCAGTGCTGTGGCTGATGCTGGGACCCAAGTCCACCATGACAGCCCTGCACCCCCGCTCTGGAGTGGCCCTGCAGCATGGCCCTGTGGTGCTGCTGAAGGAGCTGGCTGATGAGGAGACCCCAGTGCATGGACCCCACAACCCCTGGCCAGTGACCCTGCCACCCAACCTGCACCTGCAGATCCTCTCTGTGCCTGGCTGGACCTACTCCCGCTCCCATGCCCAGCACCTGAGGAACCTGCAGCGTGGCCACCCAGAGAAGCCCCAGGCCAACCTGCAGCGGGTGCTGCTGCGCCTGCGCCACCTCTATGAGGCTGGAGAGGACCCAGTGCTGTCCAGGCCAGCCACTGTGGACCTGAAGGTGGTCCTGCGAGGCCTGGGCTCTGTGGTGGCTGTGGAGGAGCGCAGCCTGACTGGCACCTGGGATGTGCAGATGCTGCAGCGCTGGCACTGGTCCACCAAGACAGACCACCTGAAGGGCCACCCCACCTCACCACCCCGGCCACCTGGAGGCTCCATCATCACTGTCTACCCCAAGGAGATCAGGACCTTCTTCATCAAGTTCCAGCAGTGA
Ngf,ATGTCCATGCTCTTCTACACCCTCATCACAGCCTTCCTCATTGGAGTCCAGGCTGAGCCCTACACAGACTCCAATGTGCCAGAGGGAGACTCTGTGCCAGAGGCCCACTGGACCAAGCTGCAGCACTCCCTGGACACAGCCCTGCGCCGGGCCCGCTCTGCCCCCACAGCCCCCATTGCTGCCCGGGTGACTGGCCAGACCAGGAACATCACTGTGGACCCCAGGCTGTTCAAGAAGAGGAGGCTGCACTCCCCCCGGGTGCTCTTCTCCACCCAGCCACCACCCACCTCCTCAGACACCCTGGACCTGGACTTCCAGGCCCATGGCACCATCCCCTTCAACAGGACCCACAGGTCCAAGCGCTCCTCCACCCACCCAGTCTTCCACATGGGAGAGTTCTCTGTGTGTGACTCTGTGTCTGTGTGGGTGGGAGACAAGACCACAGCCACAGACATCAAGGGAAAGGAAGTCACTGTCCTGGCTGAGGTGAACATCAACAACTCTGTCTTCAGGCAGTACTTCTTTGAGACCAAGTGCCGGGCCTCCAACCCAGTGGAGTCTGGCTGCCGTGGCATTGACTCCAAGCACTGGAACTCCTACTGCACCACCACCCACACCTTTGTGAAGGCCCTGACCACAGATGAGAAGCAGGCTGCCTGGCGCTTCATCCGCATTGACACAGCCTGTGTGTGTGTGCTGTCCAGGAAGGCCACCCGCCGGGGCTGA
Nhlrc3,ATGGCCCGGGCCTGGGTGTGCCTGGCTGGAGCTGCCTTCTTCCTGTCCTGCCTGGTGCTGCACTCCCGCTTCTGTGGCTCCCTGGTGTCCAGGACCTTCTCCTTCCATGTGTCCTGGAGGATGGAGGACCCCCTGTTCCGCCTGGACCTGGGCTGGCCCAAGAACTCTGAGTACTTCACTGGAGCCACCTTCTGTGTGGCTGTGGACTCCCTCAATGGCCTGGTCTATGTGGCCCAGCGTGGAGACAACATCCCCAAGGTCCTGGTCTTCTCTGAGGATGGCTACTTCCTGCGGGCCTGGAACTACACAGTGGACACACCCCATGGCATGTTTGTGTCTGGCACCCCCTTTGAGCAGTCTGTGTGGATCACAGATGTGGGCTCTGGACCCTATGGCCACACAGTGAAGAAGTACAACTCCCTGGGAGACCTGGTGCAGGTCCTGGGCACCCCAGGAAAGAAGGGCACTGGCCTGAACCCCCTGCAGTTTGACAACCCAGCTGAGCTCTATGTGGATGACACAGGAGAGATGTACATTGTGGATGGAGATGGAGGCCTGAACAACCGCCTGGTGAAGCTGTCCCAGGACTTCATGATCCTGTGGCTGCGTGGAGAGAATGGCACTGGACCAGCCAAGTTCAACATCCCCCACTCAGTGACCCTGGATGCTGTGGGCCGGGTGTGGGTGGCTGACCGTGGCAACAAGAGGCTGCAGGTGTTTGACAAGGACACAGGAGAGTGGCTGGGAGCCTGGGACAACTGCTTCACAGAGGAAGGCCCCTCTGCTGTGCGCTTCACCCCAGATGGGAAGTACCTCATTGTGGCCCAGCTGAACCTGTCCCGCCTCTCTGTGCTGCTGGCCCCACCCTCTGGCTCCATTGGAGACTGCTCTGTGGTCTCCACCATCCAGCTGGCTGACCAGGTGCTGCCCCACCTGCTGGAGGTGGACAGGAAGACAGGAGCTGTCTATGTGGCTGAGATTGGAGCCAAGCAGATCCAGAAGTACATCCCCTGGCACTCCAGGACCCCAGCCTTTGGAGCCTGA
Nms,ATGAAGCACCCACTGCCACACTACAGCCCCATCCTCTTCATCTACTGCTTCTGCATGCTGCAGATCCCCTCCTCTGGAGCCTCCCCACCCCTGGCTGACTCCCCTGATGGCCTGGACATTGTGGACCCAGAGCGCCTGGCCTACTTCCTGAAGCAGAGAGAGATCCACTCCAACCAGCCCAAGGAGAACCAGGATGTCTACAAGCGCTTCCTCTTCCACTACTCCAGGACCAGGAAGCCCACCCACCCAGTGTCTGCTGAGTTTGCCCCTGTGCACCCACTGATGCGCCTGGCTGCCAAGCTGGCCTCCAGGAGGATGAAGAGGCTGCCCCGCCTGCTGCGCCTGGACTCCAGGATGGCCACTGTGGACTTCCCCAAGAAGGACCCCACCACCTCCCTGGGCAGGCCCTTCTTCCTCTTCCGGCCCAGGAATGGCCGCTACACAGACAACAACTTCCAGTGA
Npnt,ATGGCTGTGCTGCTGGCTGCTGTGCTGGCCTCCTCCCTCTACCTGCAGGTGGCTGCTGACTTTGATGGCCGCTGGCCCAGGCAGATTGTCTCCTCCATTGGCCTCTGCCGCTATGGAGGCCGCATTGACTGCTGCTGGGGCTGGGCCCGGCAGTCCTGGGGCCAGTGCCAGCCAGTGTGCCAGCCCCAGTGCAAGCATGGAGAGTGTGTGGGACCCAACAAGTGCAAGTGCCACCCAGGCTTTGCTGGGAAGACCTGCAACCAGGACCTGAATGAGTGTGGCCTGAAGCCCAGGCCCTGCAAGCACCGCTGCATGAACACCTTTGGCTCCTACAAGTGCTACTGCCTCAATGGCTACATGCTGCTGCCTGATGGCTCCTGCTCCTCTGCCCTGTCCTGCTCCATGGCCAACTGCCAGTATGGCTGTGATGTGGTGAAGGGCCAGGTGCGCTGCCAGTGCCCCTCCCCAGGCCTGCAGCTGGCCCCTGATGGCAGGACCTGTGTGGACATTGATGAGTGTGCCACTGGCAGAGTGTCCTGCCCCCGCTTCAGGCAGTGTGTGAACACCTTTGGCTCCTACATCTGCAAGTGCCACACTGGCTTTGACCTGATGTACATTGGAGGAAAGTACCAGTGCCATGACATTGATGAGTGCTCCCTGGGCCAGCACCAGTGCTCCTCCTATGCCCGCTGCTACAACATCCATGGCTCCTACAAGTGCCAGTGCCGGGATGGCTATGAGGGAGATGGCCTGAACTGTGTCTACATCCCCAAGGTGATGATTGAGCCCTCTGGACCCATCCACATGCCAGAGAGGAATGGCACCATCTCCAAGGGAGATGGAGGCCATGCCAACAGGATCCCAGATGCTGGCTCCACCCGCTGGCCACTGAAGACACCCTACATCCCTCCAGTCATCACCAACAGGCCCACCTCCAAGCCCACCACCAGGCCCACCCCCAACCCCACACCACAGCCCACACCACCACCACCACCACCACTGCCCACAGAGCCCAGGACCACACCACTGCCACCCACCCCAGAGAGGCCCTCCACCAGGCCCACCACCATTGCCCCAGCCACCTCCACCACCACCAGAGTCATCACTGTGGACAACAGGATCCAGACAGACCCACAGAAGCCCAGAGGAGATGTCTTCATCCCCAGGCAGCCCACCAATGACCTCTTTGAGATCTTTGAGATTGAGAGAGGAGTCTCTGCTGATGAGGAGGTGAAGGATGACCCAGGCATCCTCATCCACTCCTGCAACTTTGACCATGGCCTCTGTGGCTGGATCAGAGAGAAGGACTCTGACCTGCACTGGGAGACAGCCCGGGACCCAGCTGGAGGCCAGTACCTGACTGTGTCTGCTGCCAAGGCCCCTGGAGGCAAGGCTGCCCGCCTGGTGCTGCGCCTGGGCCACCTGATGCACTCTGGAGACCTGTGCCTGTCCTTCCGGCACAAGGTGACTGGCCTGCACTCAGGCACCCTGCAGGTCTTTGTGAGGAAGCATGGCACCCATGGAGCTGCCCTGTGGGGCCGCAATGGAGGCCATGGCTGGAGGCAGACCCAGATCACCCTGCGTGGAGCTGATGTGAAGTCTGTCATCTTCAAGGGAGAGAAGCGCAGAGGCCACACAGGAGAGATTGGCCTGGATGATGTGTCCCTGAAGAGAGGCCGCTGCTGA
Nrcam,ATGCAGCTGAAGATCATGCCCAAGAAGAAGCACCTGTCTGCTGGAGGAGTGCCTCTCATCCTCTTCCTCTGCCAGATGATCTCTGCCCTGGATGTGCCCCTGGACCTGGTGCAGCCACCCACCATCACCCAGCAGAGCCCCAAGGACTACATCATTGACCCCAGAGAGAACATTGTCATCCAGTGTGAGGCCAAGGGAAAGCCACCACCATCCTTCTCCTGGACCAGGAATGGCACCCACTTTGACATTGACAAGGACCCCCTGGTGACCATGAAGCCAGGCTCTGGCACCCTGGTGATCAACATCATGTCAGAGGGCAAGGCTGAGACCTATGAGGGAGTCTACCAGTGCACAGCCAGGAATGAGAGAGGAGCTGCTGTGTCCAACAACATTGTGGTGAGGCCCTCCCGCAGCCCACTGTGGACCAAGGAGCGCCTGGAGCCCATTGTCCTGCAGAATGGCCAGTCCCTGGTGCTGCCCTGCCGGCCACCCATTGGCCTGCCTCCAGCCATCATCTTCTGGATGGACAACTCCTTCCAGAGGCTGCCCCAGTCTGAGAGAGTGTCCCAGGGCCTCAATGGAGACCTCTACTTCTCCAATGTGCTGCCAGAGGACACCAGAGAGGACTACATCTGCTATGCCCGCTTCAACCACACCCAGACCATCCAGCAGAAGCAGCCCATCTCCCTGAAGGTCATCTCTGTGGATGAGCTGAATGACACCATTGCTGCCAACCTGTCTGACACAGAGTTCTATGGAGCCAAGTCCTCCAAGGAGAGGCCACCCACCTTCCTGACCCCAGAGGGCAATGAGTCCCACAAGGAGGAGCTGCGAGGCAATGTGCTGTCCCTGGAGTGCATTGCTGAGGGCCTGCCCACCCCCATCATCTACTGGATCAAGGAAGATGGCATGCTGCCAGCCAACAGGACCTTCTACAGGAACTTCAAGAAGACCCTGCAGATCACCCATGTGTCTGAGGCTGACTCTGGCAACTACCAGTGCATTGCCAAGAATGCCCTGGGAGCTGTGCACCACACCATCTCTGTGACTGTGAAGGCTGCCCCCTACTGGATTGTGGCCCCCCAGAACCTGGTGCTGTCCCCTGGAGAGAATGGCACCCTCATCTGCAGAGCCAATGGCAACCCCAAGCCCAGGATCTCCTGGCTGACCAATGGAGTCCCCATTGAGATTGCCCTGGATGACCCCTCCAGGAAGATTGATGGAGACACCATCATCTTCTCCAATGTGCAGGAGTCCTCCTCTGCTGTGTACCAGTGCAATGCCTCCAACAAGTATGGCTACCTGCTGGCCAATGCCTTTGTGAATGTCCTGGCTGAGCCACCCAGGATCCTGACCTCAGCCAACACCCTCTACCAGGTCATTGCCAACAGGCCAGCCCTGCTGGACTGTGCCTTCTTTGGCTCCCCCATGCCCACCATTGAGTGGTTCAAGGGAACCAAGGGCTCTGCCCTGCATGAGGACATCTATGTGCTGCATGACAATGGCACCCTGGAGATCCCAGTGGCCCAGAAGGACTCCACAGGCACCTACACCTGTGTGGCCAGGAACAAGCTGGGCATGGCCAAGAATGAAGTGCACCTGGAGATCAAGGACCCCACCAGGATCATCAAGCAGCCAGAGTATGCTGTGGTGCAGAGAGGCTCCAAGGTGTCCTTTGAGTGCAGAGTGAAGCATGACCACACCCTCATCCCCACCATCATGTGGCTGAAGGACAATGGAGAGCTGCCCAATGATGAGCGCTTCTCCACAGACAAGGACCACCTGGTGGTCTCTGATGTGAAGGATGATGATGGAGGCACCTACACCTGCACAGCCAACACCACCCTGGACTCTGCCTCTGCCTCTGCTGTGCTGCGGGTGGTGGATGTGCCCAACCCACCCTTTGACCTGGAGCTGACCAACCAGCTGGACAAGTCTGTGCAGCTGACCTGGACCCCAGGAGATGACAACAACAGCCCCATCACCAAGTTCATCATTGAGTATGAAGATGCCATGCATGATGCTGGCCTGTGGCGCCACCAGGCTGAGGTGTCTGGCACCCAGACCACAGCCCAGCTGAAGCTGTCCCCCTATGTGAACTACTCCTTCAGAGTCATGGCTGAGAACTCCATTGGCCGCTCCATGCCCTCAGAGGCCTCTGAGCAGTACCTGACCAAGGCTGCTGAGCCAGACCAGAACCCCATGGCTGTGGAGGGCCTGGGCACAGAGCCAGACAACCTGGTCATCACCTGGAAGCCACTGAATGGCTTCCAGTCCAATGGCCCTGGCCTGCAGTACAAGGTGTCCTGGAGGCAGAAGGATGGAGATGATGAGTGGACCTCTGTGGTGGTGGCCAATGTGTCCAAGTACATTGTCTCTGGCACCCCCACCTTTGTGCCCTACCTGATCAAGGTGCAGGCCCTCAATGATGTGGGCTTTGCCCCAGAGCCAGCTGCTGTGATGGGCCACTCTGGAGAGGACCTGCCCATGGTGGCCCCAGGCAATGTGCGTGTGTCTGTGGTGAACTCCACCCTGGCTGAGGTGCACTGGGACCCAGTGCCACCCAAGTCTGTGCGTGGCCACCTGCAGGGCTACAGGATCTACTACTGGAAGACCCAGTCCTCCTCCAAGAGGAACAGGAGGCACATTGAGAAGAAGATCCTGACCTTCCAGGGCACCAAGACCCATGGCATGCTGCCTGGCCTGCAGCCCTACTCCCACTATGCCCTCAATGTGCGTGTGGTGAATGGCAAGGGAGAAGGCCCAGCCTCCACAGACAGAGGCTTCCACACCCCAGAGGGAGTGCCCTCTGCCCCCTCCTCCCTGAAGATTGTGAACCCCACCCTGGACTCCCTGACCCTGGAGTGGGACCCACCCTCCCACCCCAATGGCATCCTGACAGAGTACATCCTGCAGTACCAGCCCATCAACTCCACCCATGAGCTGGGACCCCTGGTGGACCTGAAGATCCCAGCCAACAAGACCCGCTGGACCCTGAAGAACCTGAACTTCTCCACCCGCTACAAGTTCTACTTCTATGCCCAGACCTCTGTGGGCCCTGGCTCCCAGATCACAGAGGAAGCCATCACCACAGTGGATGAAGGAAAGAAGGCCATGGCCTCCCGCCAGGTGGACATTGCCACCCAGGGCTGGTTCATTGGCCTGATGTGTGCTGTGGCCCTGCTCATCCTCATCCTGCTCATTGTCTGCTTCATCAGGAGGAACAAGGGAGGAAAGTACCCAGTGAAGGAGAAGGAAGATGCCCATGCTGACCCAGAGATCCAGCCCATGAAGGAAGATGATGGCACCTTTGGAGAGTACTCTGATGCTGAGGACCACAAGCCACTGAAGAAGGGCTCCAGGACCCCCTCAGACCGCACAGTGAAGAAGGAAGACTCTGATGACTCCCTGGTGGACTATGGAGAAGGAGTCAATGGCCAGTTCAATGAAGATGGCTCCTTCATTGGACAGTACTCTGGGAAGAAGGAGAAGGAGCCAGCTGAGGGCAATGAGTCCTCTGAGGCCCCCTCCCCAGTGAATGCCATGAACTCCTTTGTCTGA
Olfm2,ATGTCTGTGCCTCTGCTGAAGATTGGAGCTGTCCTGTCCACCATGGCCATGGTGACCAACTGGATGTCCCAGACCCTGCCCTCCCTGGTGGGCCTGAACTCCACTGTGTCCAGAGCTGGCTCCTCAGAGAAGATCACCCTCTTCCAGTCCCCAGAGGAGGGCTGGCAGCTCTACACCTCAGCCCAGGCCCCTGATGGGAAGTGTGTGTGCACTGCTGTCATCCCAGCCCAGTCCACCTGTGCCCGGGATGGCCGCTCCCGGGAGCTGCGGCAGCTGATGGAGAAGGTGCAGAATGTGTCCCAGTCCATGGAGGTGCTGGAGCTGAGGACCTTCAGAGACCTGCAGTATGTGCGCTCCATGGAGACCCTGATGAGGTCCCTGGATGCCCGCCTGCGGGCTGCTGATGGCTCTGTGTCTGCCAAGTCCTTCCAGGAGCTGAAGGACAGGATGACAGAGCTGCTGCCTCTGTCCTCTGTGCTGGAGCAGTACAAGGCTGACACCAGGACCATTGTGCGCCTGCGGGAGGAGGTGAGGAACCTGTCTGGCAACCTGGCTGCCATCCAGGAGGAGATGGGAGCCTATGGCTATGAGGACCTGCAGCAGAGAGTGATGGCCCTGGAGGCCCGCCTGCATGCCTGTGCCCAGAAGCTGGGCTGTGGGAAGCTGACTGGAGTCTCCAACCCCATCACCATCAGAGCCATGGGCTCCCGCTTTGGCTCCTGGATGACAGACACCATGGCCCCCTCTGCTGACTCCCGGGTGTGGTACATGGATGGCTACTACAAGGGCCGCAGAGTGCTGGAGTTCAGGACCCTGGGAGACTTCATCAAGGGACAGAACTTCATCCAGCACCTGCTGCCCCAGCCCTGGGCTGGCACTGGCCATGTGGTCTACAATGGCTCCCTCTTCTACAACAAGTACCAGTCCAATGTGGTGGTGAAGTACCACTTCCGCTCCCGCTCTGTGCTGGTGCAGCGCTCCCTGCCTGGAGCTGGCTACAACAACACCTTCCCCTACTCCTGGGGAGGCTTCTCTGACATGGACTTCATGGTGGATGAGTCTGGCCTGTGGGCTGTGTACACCACCAACCAGAATGCTGGGAACATTGTGGTCTCCCGCCTGGACCCCCACACCCTGGAGGTGGTGCGCTCCTGGGACACTGGCTACCCCAAGCGCTCTGCTGGAGAGGCCTTCATGATCTGTGGAGTCCTCTATGTCACCAACTCCCACCTGGCTGGAGCCAAGGTGTACTTTGCCTACTTCACCAACACCTCCTCCTATGAGTACACAGATGTGCCCTTCCACAACCAGTACTCCCACATCTCCATGCTGGACTACAACCCCCGGGAGAGAGCCCTCTACACCTGGAACAATGGCCACCAGGTGCTCTACAATGTCACCCTGTTCCATGTCATCTCCACAGCTGGAGACCCCTGA
Olfm4,ATGTCCTACTCCCTGCTCTTCCTGCTGGCCCTGCAGTTCTGCCTGGGCTCTGCCTCCAGGACCACCCTGACCTCAGCCCACTCCCGGGAGCTGACCACACCACCCACCTCCCCCCAGGCCACTGCTGCCTGGCTGCCTCCTGGAGGCACCTCCTGGGCTGAGGGAGGCACTGTGTCCCAGCCACTGTCCAACTTCACTGGCTCTGTGGACTCCCATGGCACCTGCCAGTGCTCTGTGTCCCTGCCAGACACAGCCTTCCCAGCTGACAGAGTGGAGCGCCTGGAGTACACAGCCCACATCCTGTCCCAGAAGTTTGAGAGAGAGTTCTCCAAGGTGAAGGAGTATGTGCAGCTCATCTCTGTCTATGAGAAGAGGCTGCTGAACCTCACTGTGCGTGTGGAGGTGATGGAGAAGGACTCCATCTCCTACACAGAGCTGGACTTTGAGCTGATCAAGCTGGAGGTGAAGGAGATGCAGAAGCTGGTGCTGCAGCTGAAGAAGAACTTTGTGGGCTCCACCCACATCATTGACATGCTGGAGGTGGAGATCAGGAACATGACCCTGCTGGTGGAGAAGCTGGAGTCCCTGGACCAGAACAATGTGCTGTCCATCAGGAGGCAGATCCTGGCCCTGAAGACCAAGCTGAAGGAGTGTGAGGCCTCCAAGTCTGACCTGGTGCCAGCCACCCCACCACCACCAGCCCCTGGGAAGCTGCTGGGAGCTGCTGGCTCCATCCTGTGGATCCTGAACTTCTGGTGCTTCTCCCTCTTCCACCAGCACACCCAGAATGTGTCCCTGGCCCTGGGCTCCTGCTCCCATGGAGGAGTGGTCAACATCTCTGCCCCCTCTGTGATCCAGCTGAACTGGCTGGGCTTCTCCTACAAGTATGGAGCCTGGGGCAGAGACTACAGCCCACAGCACCCAGAGAGGACCCTCTACTGGGTGGCCCCCCTGAACACAGATGCCCGGGCCCTGGAGTACTACCGCCTCTATGACTCCCTGGACAACCTGCTCATCTACTCCCACTTCAGAGACTACAGGATCCGCTATGGCCAGGGAGGAGGCACTGTGGCCTTCAACAACAACCTCTATGTGAACTGGTACAATGGAGGCAACATTGCCAAGATCAACCTGACCACCAATGTGGTGGATGTGAACAGGCCTCTGCCCCTGGCTGCCTACAACAACCGCTTCTCCTATGCCAATGTGAACTGGCAGGACATTGACCTGGCTGTGGATGAGCAGGCCCTGTGGGCCATCTATGCCACTGAGGCCTCCACAGGAAACATTGTCATCTCCAAGCTGAATGACACCACCCTGGAGGTCATCTCCACCTGGGTGACCAAGCAGTACAAGCCCTCTGTGTCCAATGCCTTCATGGTGTGTGGAGTCCTCTATGCCACCAGGACCCTGAACACCAAGACAGAAGAGATCTTCTACTACTATGACACCAACACAGAGAGAGAGGGCAACCTGGGCATCACCATGAGGAAGATGCAGGAGAGGATCCAGTCCATCAACTACCACCCCTTTGACCAGAAGCTCTATGTGTACAATGATGGCTACCTGCTGAACTATGACCTGGTCTTCCTGCAGACCCCCAGGCAGCCAGTCTGA
Osm,ATGCAGACCCGCCTGCTGAGGACCCTGCTGTCCCTGACCCTGTCCCTGCTCATCCTGTCCATGGCCCTGGCCAACCGTGGCTGCTCCAACTCCTCCTCCCAGCTGCTGTCCCAGCTGCAGAACCAGGCCAACCTCACAGGAAACACAGAGTCCCTGCTGGAGCCCTACATCCGCCTGCAGAACCTGAACACCCCAGACCTGCGGGCTGCCTGCACCCAGCACTCTGTGGCCTTCCCCTCAGAGGACACCCTGCGGCAGCTGTCCAAGCCACACTTCCTGTCCACTGTCTACACCACCCTGGACCGTGTGCTCTACCAGCTGGATGCCCTGCGGCAGAAGTTCCTGAAGACCCCAGCCTTCCCCAAGCTGGACTCTGCCCGGCACAACATCCTGGGCATCAGGAACAATGTCTTCTGCATGGCCCGCCTGCTGAACCACTCCCTGGAGATCCCAGAGCCCACCCAGACAGACTCTGGAGCCTCCCGCTCCACCACCACCCCAGATGTGTTCAACACCAAGATTGGCTCCTGTGGCTTCCTGTGGGGCTACCACCGCTTCATGGGCTCTGTGGGCAGAGTGTTCCGGGAGTGGGATGATGGCTCCACCCGCTCCCGCCGCCAGAGCCCCCTGCGGGCCAGGAGGAAGGGCACCAGGAGGATCCGGGTGCGGCACAAGGGCACCAGGAGGATCCGGGTGCGCAGGAAGGGCACCAGGAGGATCTGGGTGCGCAGGAAGGGCTCCAGGAAGATCAGGCCCTCCCGCTCCACCCAGAGCCCCACCACCAGAGCCTGA
Pate2,ATGTTTGTGCTGGTGATGATCTGCCTCTTCTGCCAGTACTGGGGAGTCCTCAATGAGCTGGAGGAGGAGGACCGTGGCCTGCTCTGCTACAAGTGCAAGAAGTACCACCTGGGCCTCTGCTATGGCATCATGACCTCCTGTGTGCCCAACCACAGGCAGACCTGTGCTGCTGAGAACTTCTACATCCTGACCAAGAAGGGACAGTCCATGTACCACTACTCCCGCCTGTCCTGCATGACCAACTGTGAGGACATCAACTTCCTGTCCTTTGAGAGGAGGACAGAGCTGATCTGCTGCAAGCACTCCAACTACTGCAACCTGCCCATGGGCCTCTGA
Pglyrp1,ATGCTGTTTGCCTGTGCCCTGCTGGCCCTGCTGGGCCTGGCCACCTCCTGCTCCTTCATTGTGCCCCGCTCTGAGTGGCGGGCCCTGCCCTCTGAGTGCTCCTCCCGCCTGGGCCACCCAGTGCGCTATGTGGTCATCTCCCACACAGCTGGCTCCTTCTGCAACAGCCCAGACTCCTGTGAGCAGCAGGCCCGCAATGTGCAGCACTACCACAAGAATGAGCTGGGCTGGTGTGATGTGGCCTACAACTTCCTCATTGGAGAAGATGGCCATGTCTATGAGGGCAGAGGCTGGAACATCAAGGGAGACCACACAGGACCCATCTGGAACCCCATGTCCATTGGCATCACCTTCATGGGAAACTTCATGGACCGTGTGCCAGCCAAGAGAGCCCTGCGGGCTGCCCTGAACCTGCTGGAGTGTGGAGTGTCCAGAGGCTTCCTGCGCTCCAACTATGAGGTGAAGGGCCACAGAGATGTGCAGTCCACCCTGTCCCCAGGAGACCAGCTCTACCAGGTCATCCAGTCCTGGGAGCACTACAGAGAGTGA
Pla2g10,ATGCTGCTGCTGCTGCTGCTGCTGCTGCTGGGCCCTGGCCCTGGCTTCTCTGAGGCCACCAGGCGCTCCCATGTCTACAAGAGAGGCCTCCTGGAGCTGGCTGGCACCCTGGACTGTGTGGGCCCCAGGAGCCCCATGGCCTACATGAACTATGGCTGCTACTGTGGCCTGGGAGGCCATGGAGAGCCCCGGGATGCCATTGACTGGTGCTGCTACCACCATGACTGCTGCTACTCCCGGGCCCAGGATGCTGGCTGCAGCCCCAAGCTGGACCGCTACCCCTGGAAGTGCATGGACCACCACATCCTCTGTGGAGAGTGTCCCATGCCCTGTGACTTCCCCAAGTGCCCCCTGGACATCCTGCAGATCCCCATGGCCCCTGTGCCTCTGTGGACCTCCCGGGAGCAGATGCCCAGGACCTTTGTGCAGGTCTGA
Plau,ATGAAGGTGTGGCTGGCCTCCCTCTTCCTCTGTGCCCTGGTGGTGAAGAACTCTGAGGGAGGCTCTGTGCTGGGAGCCCCAGATGAGTCCAACTGTGGCTGCCAGAATGGAGGAGTCTGTGTCTCCTACAAGTACTTCTCCAGGATCCGCCGCTGCTCCTGCCCCAGGAAGTTCCAGGGAGAGCACTGTGAGATTGATGCCTCCAAGACCTGCTACCATGGCAATGGAGACTCCTACAGAGGGAAGGCCAACACAGACACCAAGGGCAGGCCCTGCCTGGCCTGGAATGCCCCAGCTGTGCTGCAGAAGCCCTACAATGCCCACAGGCCAGATGCCATCTCCCTGGGCCTGGGGAAGCACAACTACTGCAGGAACCCAGACAACCAGAAGAGGCCCTGGTGCTATGTGCAGATTGGCCTGCGGCAGTTTGTGCAGGAGTGCATGGTGCATGACTGCTCCCTGTCCAAGAAGCCCTCCTCCTCTGTGGACCAGCAGGGCTTCCAGTGTGGGCAGAAGGCCCTGCGGCCCCGCTTCAAGATTGTGGGAGGAGAGTTCACAGAAGTGGAGAACCAGCCCTGGTTTGCTGCCATCTACCAGAAGAACAAGGGAGGCTCCCCACCATCCTTCAAGTGTGGAGGCTCCCTCATCTCCCCCTGCTGGGTGGCCTCTGCTGCCCACTGCTTCATCCAGCTGCCCAAGAAGGAGAACTATGTGGTCTACCTGGGCCAGTCCAAGGAGTCCTCCTACAACCCAGGAGAGATGAAGTTTGAAGTGGAGCAGCTCATCCTGCATGAGTACTACAGAGAGGACTCCCTGGCCTACCACAATGACATTGCCCTGCTGAAGATCAGGACCTCCACAGGACAGTGTGCCCAGCCCTCCCGCTCCATCCAGACCATCTGCCTGCCACCCCGCTTCACAGATGCCCCCTTTGGCTCTGACTGTGAGATCACTGGCTTTGGAAAGGAGTCAGAGTCTGACTACCTCTACCCCAAGAACCTGAAGATGTCTGTGGTGAAGCTGGTGTCCCATGAGCAGTGCATGCAGCCCCACTACTATGGCTCTGAGATCAACTACAAGATGCTCTGTGCTGCTGACCCAGAGTGGAAGACAGACTCCTGCAAGGGAGACTCTGGAGGCCCCCTCATCTGCAACATTGAAGGCAGGCCCACCCTGTCTGGCATTGTCTCCTGGGGCAGAGGCTGTGCTGAGAAGAACAAGCCAGGAGTCTACACCAGAGTGTCCCACTTCCTGGACTGGATCCAGTCCCACATTGGAGAAGAGAAGGGCCTGGCCTTCTGA
Pyy,ATGGTGGCTGTGCGCAGGCCCTGGCCAGTGACTGTGGCCATGCTGCTCATCCTGCTGGCCTGCCTGGGAGCCCTGGTGGATGCCTACCCAGCCAAGCCAGAGGCCCCTGGAGAGGATGCCTCCCCAGAGGAGCTGTCCCGCTACTATGCCTCCCTGCGCCACTACCTGAACCTGGTGACCAGGCAGCGCTATGGGAAGAGAGATGTGCCAGCTGCCCTCTTCTCCAAGCTGCTCTTCACAGATGACTCTGACTCAGAGAACCTGCCCTTCCGCTCCAGGCCAGAGGGCCTGGACCAGTGGTGA
Reln,ATGGAGAGAGGCTGCTGGGCCCCCCGGGCCCTGGTGCTGGCTGTGCTGCTGCTGCTGGCCACCCTGCGGGCCCGGGCTGCCACTGGCTACTACCCCCGCTTCTCCCCCTTCTTCTTCCTCTGCACCCACCATGGAGAGCTGGAGGGAGATGGAGAGCAGGGAGAAGTGCTCATCTCCCTGCACATTGCTGGAAACCCCACCTACTATGTGCCTGGCCAGGAGTACCATGTGACCATCTCCACCTCCACCTTCTTTGATGGCCTCCTGGTGACTGGCCTCTACACCTCCACCTCCATCCAGTCCTCCCAGTCCATTGGAGGCTCCTCTGCCTTTGGCTTTGGCATCATGTCAGACCACCAGTTTGGAAACCAGTTCATGTGCTCTGTGGTGGCCTCCCATGTGTCCCACCTGCCCACCACCAACCTGTCCTTTGTGTGGATTGCCCCACCAGCTGGCACTGGCTGTGTGAACTTCATGGCCACAGCCACCCACAGAGGCCAGGTCATCTTCAAGGATGCCCTGGCCCAGCAGCTCTGTGAGCAGGGAGCCCCCACAGAGGCCACTGCCTACTCCCACCTGGCTGAGATCCACTCTGACTCTGTCATCCTGAGAGATGACTTTGACTCCTACCAGCAGCTGGAGCTGAACCCCAACATCTGGGTGGAGTGCTCCAACTGTGAGATGGGAGAGCAGTGTGGCACCATCATGCATGGCAATGCTGTGACCTTCTGTGAGCCCTATGGACCCAGAGAGCTGACCACCACCTGCCTGAACACCACCACAGCCTCTGTGCTGCAGTTCTCCATTGGCTCTGGCTCCTGCCGCTTCTCCTACTCTGACCCCTCCATCACTGTGTCCTATGCCAAGAACAACACAGCTGACTGGATCCAGCTGGAGAAGATCAGAGCCCCCTCCAATGTGTCCACAGTCATCCACATCCTCTACCTGCCAGAGGAGGCCAAGGGAGAGTCTGTGCAGTTCCAGTGGAAGCAGGACTCCCTGCGTGTGGGAGAGGTCTATGAGGCCTGCTGGGCCCTGGACAACATCCTGGTGATCAACTCTGCCCACCGGGAGGTGGTCCTGGAGGACAACCTGGACCCTGTGGACACAGGAAACTGGCTCTTCTTCCCTGGAGCCACTGTGAAGCACTCCTGCCAGTCTGATGGCAACTCCATCTACTTCCATGGCAATGAAGGCTCTGAGTTCAACTTTGCCACCACCAGAGATGTGGACCTGTCCACAGAGGACATCCAGGAGCAGTGGTCAGAGGAGTTTGAGTCCCAGCCCACTGGCTGGGACATCCTGGGAGCTGTGGTGGGAGCTGACTGTGGCACTGTGGAGTCTGGCCTGTCCCTGGTCTTCCTGAAGGATGGAGAGAGGAAGCTCTGCACCCCCTACATGGACACCACAGGCTATGGCAACCTGCGCTTCTACTTTGTGATGGGAGGCATCTGTGACCCAGGAGTCTCCCATGAGAATGACATCATCCTCTATGCCAAGATTGAAGGCAGGAAGGAGCACATTGCCCTGGACACCCTGACCTACTCCTCCTACAAGGTGCCCTCCCTGGTGTCTGTGGTCATCAACCCAGAGCTGCAGACCCCAGCCACCAAGTTCTGCCTGCGGCAGAAGTCCCACCAGGGCTACAACCGCAATGTGTGGGCTGTGGACTTCTTCCATGTGCTGCCTGTGCTGCCCTCCACCATGTCCCACATGATCCAGTTCTCCATCAACCTGGGCTGTGGCACCCACCAGCCAGGAAACTCTGTGTCCCTGGAGTTCTCCACCAACCATGGCCGCTCCTGGTCCCTGCTGCACACAGAGTGCCTGCCAGAGATCTGTGCTGGACCCCACCTGCCCCACTCCACAGTCTACTCCTCAGAGAACTACTCTGGCTGGAACAGGATCACCATCCCTCTGCCCAATGCTGCCCTGACCAGAGACACCAGGATCCGCTGGAGGCAGACAGGACCCATCCTGGGAAACATGTGGGCCATTGACAATGTCTACATTGGACCCTCCTGCCTGAAGTTCTGCTCTGGCCGTGGCCAGTGCACCCGCCATGGCTGCAAGTGTGACCCAGGCTTCTCTGGACCAGCCTGTGAGATGGCCTCCCAGACCTTCCCCATGTTCATCTCAGAGTCCTTTGGCTCTGCCCGCCTGTCCTCCTACCACAACTTCTACTCCATCCGTGGAGCTGAGGTGTCCTTTGGCTGTGGAGTCCTGGCCTCTGGCAAGGCCCTGGTGTTCAACAAGGATGGCCGCAGGCAGCTCATCACCTCCTTCCTGGACTCCTCCCAGTCCCGCTTCCTGCAGTTCACCCTGCGCCTGGGCTCCAAGTCTGTGCTGTCCACCTGCCGGGCCCCAGACCAGCCAGGAGAGGGAGTCCTGCTGCACTACTCCTATGACAATGGCATCACCTGGAAGCTGCTGGAGCACTACTCCTATGTGAACTACCATGAGCCCAGGATCATCTCTGTGGAGCTGCCAGATGATGCCCGCCAGTTTGGCATCCAGTTCCGCTGGTGGCAGCCCTACCACTCCTCCCAGGGAGAGGATGTGTGGGCCATTGATGAGATTGTGATGACCTCTGTGCTCTTCAACTCCATCTCCCTGGACTTCACCAACCTGGTGGAGGTGACCCAGTCCCTGGGCTTCTACCTGGGCAATGTGCAGCCCTACTGTGGCCATGACTGGACCCTGTGCTTCACTGGAGACTCCAAGCTGGCCTCCTCCATGCGCTATGTGGAGACCCAGTCCATGCAGATTGGAGCCTCCTACATGATCCAGTTCTCCCTGGTGATGGGCTGTGGGCAGAAGTACACACCACACATGGACAACCAGGTGAAGCTGGAGTACTCTGCCAACCATGGCCTCACCTGGCACCTGGTGCAGGAGGAGTGCCTGCCCTCCATGCCCTCCTGCCAGGAGTTCACCTCAGCCTCCATCTACCATGCCTCTGAGTTCACCCAGTGGCGCAGAGTCACTGTGGTGCTGCCACAGAAGACCTGGTCTGGAGCCACCCGCTTCCGCTGGTCCCAGTCCTACTACACAGCCCAGGATGAGTGGGCCCTGGACAACATCTACATTGGACAGCAGTGTCCCAACATGTGCTCTGGCCATGGCTCCTGTGACCATGGAGTCTGCCGCTGTGACCAGGGCTACCAGGGCACAGAGTGCCACCCAGAGGCTGCCCTGCCCTCCACCATCATGTCAGACTTTGAGAACCCCTCCTCCTGGGAGTCTGACTGGCAGGAGGTGATTGGAGGAGAAGTGGTGAAGCCAGAGCAGGGCTGTGGAGTGGTCTCCTCTGGCTCCTCCCTCTACTTCTCCAAGGCTGGGAAGAGGCAGCTGGTGTCCTGGGACCTGGACACCTCCTGGGTGGACTTTGTGCAGTTCTACATCCAGATTGGAGGAGAGTCTGCTGCCTGCAACAAGCCAGACTCCAGAGAGGAGGGCATCCTGCTGCAGTACTCCAACAATGGAGGCATCCAGTGGCACCTGCTGGCTGAGATGTACTTCTCTGACTTCTCCAAGCCCCGCTTTGTGTACCTGGAGCTGCCAGCTGCTGCCAAGACACCCTGCACCCGCTTCCGCTGGTGGCAGCCAGTCTTCTCTGGAGAGGACTATGACCAGTGGGCTGTGGATGACATCATCATCCTCTCAGAGAAGCAGAAGCAGGTCATCCCTGTGGTGAACCCCACCCTGCCCCAGAACTTCTATGAGAAGCCAGCCTTTGACTACCCCATGAACCAGATGTCTGTGTGGCTGATGCTGGCCAATGAGGGCATGGCCAAGAATGACTCCTTCTGTGCCACCACCCCCTCAGCCATGGTGTTTGGGAAGTCTGATGGAGACCGCTTTGCTGTGACCAGAGACCTGACCCTGAAGCCAGGCTATGTGCTGCAGTTCAAGCTGAACATTGGCTGCACCTCCCAGTTCTCCTCCACAGCCCCAGTGCTGCTGCAGTACTCCCATGATGCTGGCATGTCCTGGTTCCTGGTGAAGGAAGGCTGCTTCCCAGCCTCTGCTGGGAAGGGCTGTGAGGGCAACTCCCGGGAGCTGTCTGAGCCCACTGTCTACTACACTGGAGACTTTGAGGAGTGGACCAGGATCACCATTGCCATCCCCCGCTCCCTGGCCTCCTCCAAGACCCGCTTCCGCTGGATCCAGGAGTCCTCCTCCCAGAAGAATGTGCCACCCTTTGGCCTGGATGGAGTCTACATCTCTGAGCCCTGCCCCTCCTACTGCTCTGGCCATGGAGACTGCATCTCTGGAGTCTGCTTCTGTGACCTGGGCTACACAGCTGCCCAGGGCACCTGTGTGTCCAACACCCCCAACCACTCAGAGATGTTTGACCGCTTTGAGGGAAAGCTGTCCCCACTGTGGTACAAGATCACTGGAGGCCAGGTGGGCACTGGCTGTGGCACCCTCAATGATGGCCGCTCCCTCTACTTCAATGGCCTGGGAAAGAGAGAGGCCCGCACTGTGCCCCTGGACACCAGGAACATCCGCCTGGTGCAGTTCTACATCCAGATTGGCTCCAAGACCTCAGGCATCACCTGCATCAAGCCCAGAGCCAGGAATGAGGGCCTGGTGGTGCAGTACTCCAATGACAATGGCATCCTGTGGCACCTGCTGCGGGAGCTGGACTTCATGTCCTTCCTGGAGCCCCAGATCATCTCCATTGACCTGCCCCGGGAGGCCAAGACCCCAGCCACAGCCTTCCGCTGGTGGCAGCCCCAGCATGGGAAGCACTCAGCCCAGTGGGCCCTGGATGATGTGCTCATTGGAGTCAATGACTCCTCCCAGACAGGCTTCCAGGACAAGTTTGATGGCTCCATTGACCTGCAGGCCAACTGGTACAGGATCCAGGGAGGCCAGGTGGACATTGACTGCCTGTCCATGGACACAGCCCTCATCTTCACAGAGAACATTGGAAAGCCCCGCTATGCTGAGACCTGGGACTTCCATGTGTCTGCCTCCTCCTTCCTGCAGTTTGAGATGAACATGGGCTGCTCCAAGCCCTTCTCTGGAGCCCATGGCATCCAGCTGCAGTACTCCCTGAACAATGGAAAGGACTGGCAGCTGGTGACAGAGGAGTGTGTGCCACCCACCATTGGCTGTGTCCACTACACAGAGTCCTCCACCTACACCTCAGAGCGCTTCCAGAACTGGCGCAGAGTCACTGTGTACCTGCCCCTGGCCACCAACTCCCCCAGGACCCGCTTCCGCTGGATCCAGACCAACTACACTGTGGGAGCTGACTCCTGGGCCATTGACAATGTCATCCTGGCCTCTGGCTGCCCCTGGATGTGCTCTGGCAGAGGCATCTGTGACTCTGGCCGCTGTGTGTGTGACAGAGGCTTTGGAGGACCCTTCTGTGTGCCTGTGGTGCCTCTGCCCTCCATCCTGAAGGATGACTTCAATGGCAACCTGCACCCAGACCTGTGGCCAGAGGTCTATGGAGCTGAGAGAGGCAACCTCAATGGAGAGACCATCAAGTCTGGCACCTGCCTCATCTTCAAGGGAGAAGGCCTGAGGATGCTGATCTCCAGAGACCTGGACTGCACCAACACCATGTATGTGCAGTTCTCCCTGCGCTTCATTGCCAAGGGAACCCCAGAGAGGTCCCACTCCATCCTGCTGCAGTTCTCTGTGTCTGGAGGAGTCACCTGGCACCTGATGGATGAGTTCTACTTCCCCCAGACCACCTCCATCCTCTTCATCAATGTGCCTCTGCCCTATGGAGCCCAGACCAATGCCACCCGCTTCCGCCTGTGGCAGCCCTACAACAATGGAAAGAAGGAAGAGATCTGGATCATTGATGACTTCATCATTGATGGAAACAACCTGAACAACCCTGTGCTGCTGCTGGACACCTTTGACTTTGGACCCAGAGAGGACAACTGGTTCTTCTACCCTGGAGGAAACATTGGCCTCTACTGCCCCTACTCCTCCAAGGGAGCCCCAGAGGAGGACTCTGCCATGGTGTTTGTGTCCAATGAAGTGGGAGAGCACTCCATCACCACCAGAGACCTGTCTGTGAATGAGAACACCATCATCCAGTTTGAGATCAATGTGGGCTGCTCCACAGACTCCTCCTCTGCTGACCCAGTGCGCCTGGAGTTCTCCAGAGACTTTGGAGCCACCTGGCACCTGCTGCTGCCCCTCTGCTACCACTCCTCCTCCCTGGTGTCCTCCCTCTGCTCCACAGAGCACCACCCCTCCTCCACCTACTATGCTGGCACCACCCAGGGCTGGCGCAGAGAGGTGGTCCACTTTGGGAAGCTGCACCTCTGTGGCTCTGTGCGCTTCCGCTGGTACCAGGGCTTCTACCCAGCTGGCTCCCAGCCAGTGACCTGGGCCATTGACAATGTCTACATTGGACCCCAGTGTGAGGAGATGTGCTATGGCCATGGCTCCTGCATCAATGGCACCAAGTGCATCTGTGACCCAGGCTACTCTGGACCCACCTGCAAGATCTCCACCAAGAACCCAGACTTCCTGAAGGATGACTTTGAGGGACAGCTGGAGTCTGACCGCTTCCTGCTGATGTCTGGAGGAAAGCCCTCCAGGAAGTGTGGCATCCTGTCCTCTGGGAACAACCTCTTCTTCAATGAAGATGGCCTGAGGATGCTGGTGACCAGAGACCTGGACCTGTCCCATGCCCGCTTTGTGCAGTTCTTCATGCGCCTGGGCTGTGGGAAGGGAGTCCCAGACCCCAGGTCCCAGCCAGTGCTGCTGCAGTACTCCCTCAATGGAGGCCTGTCCTGGTCCCTGCTGCAGGAGTTCCTCTTCTCCAACTCCTCCAATGTGGGCCGCTACATTGCCCTGGAGATGCCACTGAAGGCCCGCTCTGGCTCCACCCGCCTGCGCTGGTGGCAGCCCTCAGAGAATGGCCACTTCTACTCCCCCTGGGTCATTGACCAGATCCTCATTGGAGGCAACATCTCAGGAAACACTGTCCTGGAGGATGACTTCTCCACCCTGGACTCCAGGAAGTGGCTGCTGCACCCTGGAGGCACCAAGATGCCAGTGTGTGGCTCCACTGGAGATGCCCTGGTCTTCATTGAGAAGGCCTCCACCCGCTATGTGGTCACCACAGACATTGCTGTGAATGAAGACTCCTTCCTGCAGATTGACTTTGCTGCCTCCTGCTCTGTGACAGACTCCTGCTATGCCATTGAGCTGGAGTACTCTGTGGACCTGGGCCTGTCCTGGCACCCCCTGGTGCGGGACTGCCTGCCCACCAATGTGGAGTGCTCCCGCTACCACCTGCAGAGGATCCTGGTGTCTGACACCTTCAACAAGTGGACCAGGATCACCCTGCCTCTGCCCTCCTACACCAGGTCCCAGGCCACCCGCTTCCGCTGGCACCAGCCAGCCCCCTTTGACAAGCAGCAGACCTGGGCCATTGACAATGTCTACATTGGAGATGGCTGCCTGGACATGTGCTCTGGCCATGGCCGCTGTGTGCAGGGCTCCTGTGTGTGTGATGAGCAGTGGGGAGGCCTCTACTGTGATGAGCCAGAGACCTCCCTGCCCACCCAGCTGAAGGACAACTTCAACAGAGCCCCCTCCAACCAGAACTGGCTCACTGTGTCTGGAGGGAAGCTGTCCACTGTGTGTGGAGCTGTGGCCTCTGGCCTGGCCCTGCACTTCTCTGGAGGCTGCTCCCGCCTGCTGGTGACTGTGGACCTGAACCTGACCAATGCTGAGTTCATCCAGTTCTACTTCATGTATGGCTGCCTCATCACCCCCTCCAACAGGAACCAGGGAGTCCTGCTGGAGTACTCTGTGAATGGAGGCATCACCTGGAACCTGCTCATGGAGATCTTCTATGACCAGTACTCCAAGCCAGGCTTTGTGAACATCCTGCTGCCACCAGATGCCAAGGAGATTGCCACCCGCTTCCGCTGGTGGCAGCCCCGCCATGATGGCCTGGACCAGAATGACTGGGCCATTGACAATGTGCTCATCTCTGGCTCTGCTGACCAGAGGACTGTGATGCTGGACACCTTCTCCTCAGCCCCTGTGCCCCAGCATGAGAGGTCCCCAGCTGATGCTGGCCCTGTGGGCCGCATTGCCTTTGAGATGTTCCTGGAGGACAAGACCTCAGTGAATGAGAACTGGCTGTTCCATGATGACTGCACTGTGGAGCGCTTCTGTGACTCCCCAGATGGAGTCATGCTCTGTGGCTCCCATGATGGCAGAGAGGTCTATGCTGTGACCCATGACCTGACCCCCACAGAGAACTGGATCATGCAGTTCAAGATCTCTGTGGGCTGCAAGGTGCCAGAGAAGATTGCCCAGAACCAGATCCATGTGCAGTTCTCCACAGACTTTGGAGTCTCCTGGTCCTACCTGGTGCCCCAGTGCCTGCCAGCTGACCCCAAGTGCTCTGGCTCTGTGTCCCAGCCCTCTGTCTTCTTCCCCACAGAAGGCTGGAAGAGGATCACCTACCCACTGCCAGAGTCCCTGACAGGAAACCCAGTGCGCTTCCGCTTCTACCAGAAGTACTCTGATGTGCAGTGGGCCATTGACAACTTCTACCTGGGCCCTGGCTGCCTGGACAACTGTGGAGGCCATGGAGACTGCCTGAAGGAGCAGTGCATCTGTGACCCAGGCTACTCTGGACCCAACTGCTACCTGACCCACTCCCTGAAGACCTTCCTGAAGGAGCGCTTTGACTCTGAGGAGATCAAGCCAGACCTGTGGATGTCCCTGGAGGGAGGCTCCACCTGCACTGAGTGTGGAGTCCTGGCTGAGAACACAGCCCTGTACTTTGGAGGCTCCACTGTGCGCCAGGCCATCACCCAGGACCTGGACCTGCGTGGAGCCAAGTTCCTGCAGTACTGGGGCCGCATTGGCTCAGAGAACAACATGACCTCCTGCCACCGCCCAGTGTGCAGGAAGGAGGGAGTCCTGCTGGACTTCTCCACAGATGGAGGCATCACCTGGACCCTGCTGCATGAGATGGACTTCCAGAAGTACATCTCTGTGCGCCATGACTACATCCTGCTGCCAGAGGGAGCCCTGACCAACACCACCCGCCTGCGCTGGTGGCAGCCCTTTGTCATCTCCAATGGCCTGGTGGTCTCTGGAGTGGAGAGAGCCCAGTGGGCCCTGGACAACATCCTCATTGGAGGAGCTGAGATCAACCCCTCCCAGCTGGTGGACACCTTTGATGATGAAGGCTCCTCCCATGAGGAGAACTGGTCCTTCTACCCCAATGCTGTGCGCACAGCTGGCTTCTGTGGCAACCCCTCCTTCCACCTCTACTGGCCCAACAAGAAGAAGGACAAGACCCACAATGCCCTGTCCTCCCGGGAGCTCATCATCCAGCCAGGCTACATGATGCAGTTCAAGATTGTGGTGGGCTGTGAGGCCACCTCCTGTGGAGACCTGCACTCTGTGATGCTGGAGTACACCAAGGATGCCCGCTCTGACTCCTGGCAGCTGGTGCAGACCCAGTGCCTGCCCTCCTCCTCCAACTCCATTGGCTGCTCCCCCTTCCAGTTCCATGAAGCCACCATCTACAATGCTGTGAACTCCTCCTCCTGGAAGAGGATCACCATCCAGCTGCCAGACCATGTGTCCTCCTCTGCCACCCAGTTCCGCTGGATCCAGAAGGGAGAAGAGACAGAGAAGCAGTCCTGGGCCATTGACCATGTCTACATTGGAGAGGCCTGCCCCAAGCTGTGCTCTGGCCATGGCTACTGCACCACTGGAGCTGTGTGCATCTGTGATGAGTCCTTCCAGGGAGATGACTGCTCTGTCTTCTCCCATGAGCTGCCCTCCTACATCAAGGACAACTTTGAGTCTGCCCGGGTGACAGAGGCCAACTGGGAGACCATCCAGGGAGGAGTCATTGGCTCTGGCTGTGGCCAGCTGGCCCCCTATGCCCATGGAGACTCCCTCTACTTCAATGGCTGCCAGATCCGCCAGGCTGCCACCAAGCCCCTGGACCTGACCCGGGCCTCCAAGATCATGTTTGTGCTGCAGATTGGCTCCCCAGCCCAGACAGACTCCTGCAACTCTGACCTGTCTGGACCCCACACAGTGGACAAGGCTGTGCTGCTGCAGTACTCTGTGAACAATGGCATCACCTGGCATGTCATTGCCCAGCACCAGCCCAAGGACTTCACCCAGGCCCAGAGAGTGTCCTACAATGTGCCCCTGGAGGCCAGGATGAAGGGAGTCCTGCTGCGCTGGTGGCAGCCCAGGCACAATGGCACTGGCCATGACCAGTGGGCCCTGGACCATGTGGAGGTGGTCCTGACCAGGAAGCAGAACTACATGATGAACTTCTCCAGGCAGCATGGCCTGCGGCACTTCTACAACAGGAGGCGCCGCTCCCTGCGCCGCTACCCCTGA
Rptn,ATGCCCCAGCTGCTGAACTCCATCCTCAATGTGTCCAAGGTCTTCCAGGACTATGCTGAGTACCATGGAGTGGGAGCCTCCCTGTCCAAGAAGGAGCTGAAGCAGCTGCTGCTGACAGAGTTTGGAGACATCCTGCGGAGGCCCAATGACCCAGAGACAGTGGAGACCATCCTGGAGCACCTGGACAGAGACCGCAATGGCTATGTGGACTTCCATGAGTACCTGCTGCTGGTCTTCCAGCTGGTGCAGGCCTGCCACCACAAGCTGGACTCCAAGTTCTATGGCTCCAGGACCTCCTCCCAGAAGGAGCATGACCAGGAGGGCACCAGGTCCCACAAGTTCTCAGAGTCCACTGGCCGCCAGCACAGGCAGCGCTATGAGGGAGAGAGGAGGAACTCCCACCACAACCAGTCTGAGGGCCAGCACCAGAATGTGCAGCATGACCAGTCCCAGCGCCAGGACAAGGACTCAGAGCGCCATGACACAGACCCCCACTGTGGCCAGTCTGAGACCTTCCATGGAGACTCCCACTATGGCCACTCAGAGAGGCAGGACACAGACTACTCCTCTGACCAGTCTGAGTCTGACAATGAGTCCTCCTCCTCCTCCCAGCGCCTGGGCTACAAGTCCTCCCATGAGCAGCCCAAGGGCCAGGGCTATGTCTTTGCCCTGTCCCAGTCCAAGAACCCAGAGCAGGCCTTCCACTATGGCCAGTCCAAGACCTCAGGACAGCAGTCCTCCCATGGCCAGTCTGGCCGCTTCAGGAAGGACTCCTACTCCTCCCAGACCTCCCAGCAGGAGTCTGACTCCTATGAGCAGTATGGCTCCCAGCACCAGAAGTCTGGAAACTCCCAGACAGAGCGCCAGGGCCAGAACTCCCAGTATGGCCAGACCAACAAGAAGGGCCACTCCTCCTACCATGAGCAGACAGAGGGCCAGGGCCAGTCCTTCCACTATGGACAGAAGGGCAGGAAGGACCAGTCCTTCCAGCAGGGACAGAAGGGCAGGAAGGACCAGAGCCCACACCTGGGACAGAAGGGCCGCCAGGACCAGAGCCCACACAGAGGCCAGAAGGGCCGCCAGGACCAGAGCCCACACCAGGGCCAGAAGGGCCGCCAGGACCAGAGCCCACACAGAGGCCAGAAGGGCCGCCAGGACCAGAGCCCACACCAGGGCCAGAAGGGCCGCCAGGACCAGAGCCCACACCTGGGACAGAAGGGCCGCCAGGACCAGAGCCCACACCAGGGCCAGAAGGGCCGCCAGGACCAGAGCCCACACCAGGGCCAGAAGGGCCGCCAGGACCAGTCCTCCCACCAGGGACAGAAGGGCCGCCAGGACCAGTCCTCCCACCAGGGACAGAAGGGCCGCCAGGACCAGTCCTCCCACCAGGGACAGAAGGGCCGCCAGGACCAGTCCTCCCACCAGGGCCAGAGAGAGGGCCAGGACCAGAACTCCCAGTGGCACAGGACAGACTCCCAGGGCCAGTCCTTCCACTATGGACAGACTGGAGGCCACTCCCTGTCCTCCCACCAGGGCCAGACAGACTCCCAGGGCCAGAACTCCAACTGGCACAGGACAGACTCCCAGGGCCAGTCCTTCCACTATGGACAGACTGGAGGCCAGGGCCTCTCCTCCCACCAGGGCCAGACAGACTCCCAGGGCCAGAACTCCAACTGGCACAGGACAGACTCCCAGGGCCAGTCCTTCCACTTTGACCAGGCTGGCAGAGAGGTGCAGGGCTCCCACCATGGCCAGACAGACAGGCAGAGCCAGAACTCCAACTGGCACAGGACAGACTCCCAGGGCCAGTCCTTCCACTTTGACCAGGCTGGGAAGGAGGTGCAGGGCTCCCACCAGGGCCAGACAGACTCCCAGGGCCAGTCCTCCCACTGGCACCAGACAGACCGCCAGGGCCAGTCCTCCCAGCAGGGCCACAAGGACCGCCAGGGCCAGAACACCCACCAGGGACAGAAGGGCCGCCAGGACCTGTCCCCACACCAGGGACAGAAGGGCCGCCAGGACCAGAGCCCACACCTGGGACAGAAGGGCCGCCATGACCAGAGCCCACACCAGGGCCAGAAGGGCCGCCATGACCAGAGCCCACACCAGGGCCAGAAGGGCCGCCAGGACCTGTCCTCCCACCAGGGACAGAAGGGCCGCCAGGACCAGAGCCCACACCTGGGACAGAAGGGCCGCCATGACCAGAGCCCACACAGAGGCCAGAAGGGCCGCCAGGACCAGAGCCCACACCAGGGCCAGAAGGGCCGCCAGGACCAGTCCTCCCACCAGGGCCAGAGAGAGGGCCAGGACCAGAACTCCCACTGGCACAGGACAGACCGCCAGGGCCAGTCCTTCCACTATGGACAGACTGGAGGCCAGGGCCTCTCCTCCCACCAGGGCCAGACAGACTCCCAGGGCCAGAACTCCCAGTGGCACAGGACAGACTCCCAGGGCCAGTCCTTCCACTTTGACCAGGCTGGCCGGGAGGGCCAGAGCTCCCACCATGGCCAGACAGACAGGCAGTCCCAGTCCTCCCACTGTGGCCAGTCTGAGATTGGAAAGACAGAGAACCAGGGCCAGAACAGGCACTCCCTGGGCACAGACAGGACCCGCAGAGACTCCTATGTGGAGCAGTCTGGCCGCTCTGTGAAGCTGTCCCAGCAGAACTCCCGGGAGGAGGTGAGGCAGACCCAGTCCCAGCGCTCCCATGACCGCCGGGAGCAGCAGATCCAGCAGCAGACCTGGAAGCCCAAGGAAGACAACCAGCACAAGCTGCTGGCCCAGGTGCAGCAGGAGCCCTACTCCTATGAGGAGTATGACTGGCAGTCCCAGTCCTCAGAGCAGGACCACTGTGGAGAGGAGGAGTACCAGGACTGGGACCGCCACTCTGTGGAGGACCAGGAGAACCTCTATGAGATGCAGAACTGGCAGACCCATGAGGAGGAGCAGTCCCACCAGACCTCAGACAGGCAGACCCATGTGGATGAGCAGAACCAGCAGAGGCAGCACAGGCAGACCCATGAGGAGAACCATGACCACCAGCATGGCCGCCACCATGAGGATGAGCACAACCACAGGCGCCAGGACCACCACCAGCAGAGAGAGAGGCAGACCCATGAGGAGAAGGAGAAGTACCAGGGAGGCCAGGACCAGTCCCGCTCCTTCCCCAACAGAGAGAAGTCCCACATGTCAGAGGATGACCAGTGTGAGGGCCCCCAGGGCCGCCGCTTCCACCCCACCCATGGAGGAGGCAAGTCCCAGCGCAGAGAGAAGTCTGGAAACCACCCCACCAAGCCAGCCAACTACTCCTCCCCACTCTATGACTATGTGCAGGAGCAGGCTGCCTACCAGTACTGA
Serpina11,ATGATGGGCCCTGTGTGGCTGTGGCTGTGGCTGCTGGTGGCTGAGGTGCTGCTGCCTGTGCACTGCCAGCCCTTCTCAGCCCATGGAGACAAGTCCCTGGGAGCCTCCCAGCCAGCCTCCCACCAGTCCCTGGAGCCAGCCCCAGCCTACCACAAGGTGACTCCCACCATCACCAACTTTGCCCTGCGCCTCTACAAGCAGCTGGCTGAGGAGGTGGCTGGGAACATCCTCTTCTCCCCAGTGTCCCTGTCCTCCTCCCTGGCCCTGCTGTCCCTGGGAGCCCATGCTGACACCCAGACCCAGATCCTGGAGTCCCTGGGCTTCAACCTCACAGAGACCCCAGCTGCTGATGTGCACAGAGGCTTCCAGTCCCTGCTGCACACCCTGGACCTGCCCTCCCCCAAGCTGGAGCTGAAGCTGGGCCACTTCCTCTTCCTGGACCGGCAGCTGAAGCCCCAGCAGCGCTTCCTGGACTCTGCCAAGGAGCTCTATGGAGCCCTGGCCTTCTCTGCCAACTTCACAGAGGCTGCTGCCACTGGCCAGCAGATCAATGACCTGGTGAGGAAGCAGACCTATGGCCAGGTGGTGGGCTGCCTGCCAGAGTTCTCCCATGACACCCTGATGGTGCTGCTGAACTACATCTTCTTCAAGGCCAAGTGCAAGCACCCCTTTGACCGCTACCAGACCAGGAAGCAGGAGTCCTTCTCCCTGGACCAGAGGACACCCCTGAGGATCCCCATGATGAGGCAGAAGGAGATGCACCGCTTCCTCTATGACCAGGAGGCCTCCTGCACTGTGCTGCAGATTGAGTACTCTGGCACAGCCCTGCTGCTGCTGGTGCTGCCTGACCCAGGGAAGATGCAGCAGGTGGAGGCTGCCCTGCAGCCAGAGACCCTGCGCCGCTGGGGCCAGCGCTTCCTGCCCTCCCTGCTGGACCTGCACCTGCCCCGCTTCTCCATCTCTGCCACCTACAACCTGGAGGAGATCCTGCCACTCATTGGCCTGGGCAACCTCTTTGACATGGAGGCTGACCTGTCTGGCATCATGGGCCAGCTGAACAAGACAGTGTCCAGAGTGTCCCACAAGGCCATTGTGGACATGAATGAGAAGGGAACAGAGGCTGCTGCTGCCTCTGGCCTGCTGTCCCAGCCACCAGCCCTGAACATGACCTCAGCCCCCCAGGCCCACTACAACAGGCCCTTCCTGCTGCTGCTGTGGGAGGTGACCACCCAGTCCCTGCTGTTCCTGGGGAAGGTGGTGAACCCAGCTGCTGGCTGA
Serpina12,ATGACCAGGATGCTGGACCTGGGCCTCTTCCTGGCTGGCCTGCTGACTGTGAAGGGCCTGCTGCAGGACAGAGATGCCCCAGACATGTATGACTCCCCAGTGCGTGTGCAGGAGTGGAGAGGGAAGAAGGATGCCCGGCAGCTGGCCCGGCACAACATGGAGTTTGGCTTCAAGCTGCTGCAGCGCCTGGCCTCCAACAGCCCACAGGGCAACATCTTCCTGTCCCCACTGTCCATCTCCACAGCCTTCTCCATGCTGTCCCTGGGAGCCCAGAACTCCACCCTGGAGGAGATCAGAGAAGGCTTCAACTTCAAGGAGATGTCCAACTGGGATGTGCATGCTGCCTTCCACTACCTGCTGCACAAGCTGAACCAGGAGACAGAGGACACCAAGATGAACCTGGGCAATGCCCTCTTCATGGACCAGAAGCTGCGGCCCCAGCAGCGCTTCCTGAACCTGGCCAAGAATGTCTATGATGCTGACATGGTGCTGACCAACTTCCAGGACCTGGAGAACACCCAGAAGGACATCAACCGCTACATCTCCCAGAAGACCCACTCCAGGATCAAGAACATGGTGAAGTCCATTGACCCAGGCACAGTGATGATCCTGACCAACTACATCTACTTCCGAGGCCGCTGGCAGTATGAGTTTGACCCCAAGCAGACCAAGGAAGAAGAGTTCTTCATTGAGAAGGGAAAGACAGTGAAGGTGCCCATGATGTTCCAGAGAGGCCTCTATGACATGGCCTATGACTCCCAGCTGTCCTGCACCATCCTGGAGATCCCCTACAGAGGAAACATCACAGCCACCTTTGTGCTGCCAGACAATGGAAAGCTGAAGCTGCTGGAGCAGGGCCTGCAGGCTGACATCTTTGCCAAGTGGAAGTCCCTGCTGTCCAAGAGAGTGGTGGATGTGTGGGTGCCCAAGCTGAGGATCTCCTCCACCTACAACATGAAGAAGGTGCTGTCCCGCCTGGGCATCTCCAAGATCTTTGAAGAGAATGGAGACCTGACCAGGATCTCCTCCCACCGCAGCCTGAAGGTGGGAGAAGCTGTGCACAAGGCTGAGCTGAAGATGGATGAGAAGGGCATGGAAGGAGCTGCTGGCTCTGGAGCCCAGACCCTGCCCATGGAGACCCCCCGGCACATGAAGCTGGACAGGCCCTTCCTGATGATGATCTATGAGAACTTCATGCCCTCCATGGTGTTCCTGGCCAGGATCTATGACCCCTCTGGCTGA
Serpina3c,ATGGCCTTCATTGTGGCCCTGGGCCTGGTCATCACTGGCATCTGCCCTGGAGTCCTCTGCTTCCCAGATGGCACCCTGGAGAGAGACACCCTGTTCCACAAGGACAAGGAGAATGGCACCCAGCTGGACTCCCTGACCCTGGCCTCCATCAACACAGACTTTGCCTTCTCCCTCTACAAGAAGCTGGCCCTGAAGAACCCAGACACCAACATTGTCTTCTCCCCACTGTCCATCTCTGCTGCCCTGGCCATTGTGTCCCTGGGAGCCAAGGGAAACACCCTGGAGGAGATCCTGGAAGGCCTGAACTTCAACCTCACAGAGACCCCAGAGGCTGACATCCACCAGGGCTTTGGCCACCTGCTGCAGCGCCTGTCCCACCCAGGAGAGCAGGTGCAGATCTCCACTGGCTCTGCCCTCTTTGTGGAGAAGCACCTGCAGATCCTGGCTGAGTTCCAGGAGAAGGCCCGGGCCCTCTACCAGGCTGAGGCCTTCACAGCTGACTTCCAGCAGCCCCTGGAGGCCACCAAGCTGATCAATGACTATGTGTCCAACCAGACCCAGAGGAAGATCAAGGGACTCATCTCTGACCTGGACACAGACACCCTGATGGTGCTGGTGAACTACATCTACTTCAAGGGAAAGTGGAAGATGCCCTTCAACCCCAGAGACACCTTTGAGTCAGAGTTCTACCTGGATGTGAAGCGCTCTGTGAAGGTGCCCATGATGAAGATCAAGACCCTGACCACCCCCTACTTCAGAGATGAGGAGCTGTCCTGCACTGTGGTGGAGCTGAAGTACAAGGGCAATGCCTCTGCCCTCTTCATCCTGCCAGACCAGGGCAGGATGCAGCAGGTGGAGGCCTCCCTGCAGCCAGAGACCCTGAGGAAGTGGAAGAACTCCCTGCGGCCCAGGAAGATGGGAGAGCTCTACCTGCCCAAGTTCTCCATCTCCACAGACTACTCCCTGAAGAACATCCTGCCAGAGCTGGGCATCAAGGAGATCTTCTCCAAGCAGGCTGACCTGTCTGGCATCACAGGAACCAAGGACCTCATTGTGTCCCAGATGGTGCACAAGGCTGTGCTGGATGTGGCTGAGACAGGCACAGAGGGAGTGGCTGCCACTGGAGTCAACTTCAGGATCCTGTCCAGGAGGACCTCCCTGTGGTTCAACAGGACCTTCCTGATGGTCATCTCCCACACAGATGTGCAGACCACCCTGTTCATTGCCAAGATCACCCACCCCAAGAGAGCCTGA
Serpina3f,ATGGCTGGAGTGTCCCCAGCTGTGTTTGGCTGCCCAGATGTGACCCTGGGCAGGAACACAGCTGTGCGGGAGGTGCAGGAGAACATCACCTCTGTGGACTCCCTGACCCTGGCCTCCTCCAACACAGACTTTGCCTTCTCCCTCTACAAGGAGCTGGTGCTGAAGAACCCAGATGAGAATGTGGTCTTCTCCCCCTTCTCCATCTGCACAGCCCTGGCCCTGCTGTCCCTGGGAGCCAAGTCCAACACCCTGAAGGAGATCCTGGAAGGACTGAAGTTCAACCTCACAGAGACCCCAGAGCCAGACATCCACCAGGGCTTCCGCTACCTGCTGGACCTGCTGTCCCAGCCAGGAAACCAGGTGCAGATCTCCACTGGCTCTGCCCTGTTCATTGAGAAGCACCTGCAGATCCTGGCTGAGTTCAAGGAGAAGGCCCGGGCCCTCTACCAGGCTGAGGCCTTCACAGCTGACTTCCAGCAGCCCCTGGAGGCCACCAAGCTGATCAATGACTATGTGTCCAACCACACCCAGGGAAAGATCAAGGAGCTCATCTCTGACCTGGACAAGAGGACCCTGATGGTGCTGGTGAACTACATCTACTTCAAGGGAAAGTGGGAGATGCCCTTTGACCCAGATGACACCTGCAAGTCTGAGTTCTACCTGGATGAGAACCGCTCTGTGAAGGTGCCCATGATGAAGATCAACAACCTGACCACCCCCTACTTCAGAGATGAGGAGCTGTCCTGCACTGTGGTGGAGCTGAAGTACACAGGCAATGCCTCTGCCATGTTCATCCTGCCAGACCAGGGAAAGATGCAGCAGGTGGAGGCCTCCCTGCAGCCAGAGACCCTGAGGAACTGGAAGGACAGCCTGAAGCCCAGGCTGATCAATGAGCTGTGCCTGCCCAAGTTCTCCATCTCCACAGACTACTCCCTGGAGCACATCCTGCCAGAGCTGGGCATCAGAGAGCTCTTCTCCACCCAGGCTGACCTGTCTGCCATCACAGGCACCAAGGACCTGAGGACCTCCCAGGTGGTCCACAAGGCTGTGCTGGATGTGGCTGAGACAGGCACAGAGGCTGCTGCTGGCACTGGCTACCAGAACCTGCAGTGCTGCCAGGGAGTCATCTACTCCATGAAGATCTACTTTGACAGGCCCTTCCTGATGATCATCTCTGACACCAACACCCACATTGCCCTCTTCATGGCCAAGGTGTCCAACCCAGAGTCTGATGAGAACTTCCTCAATGTGGAGTATGCCTTCCCCCAGGTCCTGGAGATCATGCCAGAGTACCGCTCTGTGTGCACCTGCTGCCTGCCCTGCCTGACCCGCCAGTGA
Serpina3k,ATGGCCTTCATTGTGGCCATGGGCATGATCCTCATGGCTGGCATCTGCCCAGCTGTGCTGTGCTTCCCAGATGGCACCAAGGAGATGGACATTGTCTTCCATGAGCACCAGGACAATGGCACCCAGGATGACTCCCTGACCCTGGCCTCTGTGAACACAGACTTTGCCTTCTCCCTCTACAAGAAGCTGGCCCTGAAGAACCAGGACAAGAACATTGTCTTCTCCCCACTGTCCATCTCTGCTGCCCTGGCCCTGGTGTCCCTGGGAGCCAAGGGAAAGACCATGGAGGAGATCCTGGAAGGACTGAAGTTCAACCTCACAGAGACCCCAGAGGCTGACATCCACCAGGGCTTTGGCAACCTGCTGCAGTCCCTGTCCCAGCCAGAGGACCAGGACCAGATCAACATTGGCAATGCCATGTTCATTGAGAAGGACCTGCAGATCCTGGCTGAGTTCCATGAGAAGACCAGAGCCCTCTACCAGACAGAGGCCTTCACAGCTGACTTCCAGCAGCCCACAGAGGCCAAGAACCTCATCAATGACTATGTGTCCAACCAGACCCAGGGCATGATCAAGAAGCTCATCTCAGAGCTGGATGATGGCACCCTGATGGTGCTGGTGAACTACATCTACTTCAAGGGAAAGTGGAAGATCTCCTTTGACCCCCAGGACACCTTTGAGTCAGAGTTCTACCTGGATGAGAAGCGCTCTGTGAAGGTGCCCATGATGAAGATGAAGCTGCTGACTGCCCGGCACTTCAGAGATGAGGAGCTGTCCTGCTCTGTGCTGGAGCTGAAGTACACAGGCAATGCCTCTGCCCTGCTCATCCTGCCAGACCAGGGCAGGATGCAGCAGGTGGAGGCCTCCCTGCAGCCAGAGACCCTGAGGAAGTGGAGGAAGACCCTCTTCTCCTCCCAGATTGAGGAGCTGAACCTGCCCAAGTTCTCCATTGCCTCTGACTACCGCCTGGAGGAGGATGTGCTGCCAGAGATGGGCATCAAGGAAGTGTTCACAGAGCAGGCTGACCTGTCTGGCATCACAGAGGCCAAGAAGCTGTCTGTGTCCCAGGTGGTCCACAAGGCTGTCCTGGATGTGGCTGAGACAGGCACAGAGGCTGCTGCTGCCACTGGAGTCATTGGAGGCATCAGGAAGGCTGTGCTGCCAGCTGTGTGCTTCAACAGGCCCTTCCTCATTGTCATCTACCACACCTCAGCCCAGTCCATCCTCTTCATGGCCAAGGTGAACAACCCCAAGTGA
Serpina3m,ATGCCAGGAAAGCCCACCACCCTGAACATCCGCTCCCAGCTGTCCCAGCGCCTCTGCTCCATCTCTGCTGCCCTGGCCCTGGTGTCCCTGGGAGCCAAGGGCAACACCCTGGAGGAGATCCTGGAAGGACTGAAGTTCAACCTGACAGAGACCTCAGAGGCTGACATCCACCAGGGCTTTGGCCACCTGCTGCAGCGCCTGTCCCAGCCAGAGGACCAGGACCAGATCAACATTGGCAATGCCATGTTCATTGAGAAGGACCTGCAGATCCTGGCTGAGTTCCATGAGAAGACCAGAGCCCTCTACCAGACAGAGGCCTTCACAGCTGACTTCCAGCAGCCCACAGAGGCCACCAAGCTGATCAATGACTATGTGTCCAACCAGACCCAGGGCATGATCAAGAAGCTCATCTCAGAGCTGGATGACAGGACCCTGATGGTGCTGGTGAACTACATCTACTTCAAGGGAAAGTGGAAGATCTCCTTTGACCCCCAGGACACCTTTGAGTCAGAGTTCTACCTGGATGAGAAGCGCTCTGTGAAGGTGCCCATGATGAAGATGAAGTTCCTGACCACCAGGCACTTCAGAGATGAGGAGCTGTCCTGCTCTGTGCTGGAGCTGAAGTACACAGGCAATGCCTCTGCCCTCTTCATCCTGCCAGACCAGGGCAGGATGCAGCAGGTGGAGGCCTCCCTGCAGCCAGAGACCCTGAGGAAGTGGTGGAAGAGCCTGAAGACCAGGAAGATTGGAGAGCTCTACCTGCCCAAGTTCTCCATCTCCACAGACTACAACCTGAAGGACATCCTGCCAGAGCTGGGCATCAAGGAGATCTTCTCCAAGCAGGCTGACCTGTCTGGCATCACAGGAACCAAGGACCTCTCTGTGTCCCAGGTGGTCCACAAGGCTGTCCTGGATGTGGCTGAGACAGGCACAGAGGCTGCTGCTGCCACTGGCTTCATCTTTGGCTTCCGCTCCAGGCGCCTGCAGACCATGACAGTGCAGTTCAACAGGCCCTTCCTGATGGTCATCTCCCACACTGGAGTGCAGACCACCCTCTTCATGGCCAAGGTGACCAACCCCAAGTGA
Serpina3n,ATGGCCTTCATTGCTGCCCTGGGCCTGCTCATGGCTGGCATCTGCCCAGCTGTGCTGTGCTTCCCAGATGGCACCCTGGGCATGGATGCTGCTGTGCAGGAGGACCATGACAATGGCACCCAGCTGGACTCCCTGACCCTGGCCTCCATCAACACAGACTTTGCCTTCTCCCTCTACAAGGAGCTGGTGCTGAAGAACCCAGACAAGAACATTGTCTTCTCCCCACTGTCCATCTCTGCTGCCCTGGCTGTGATGTCCCTGGGAGCCAAGGGCAACACCCTGGAGGAGATCCTGGAAGGACTGAAGTTCAACCTGACAGAGACCTCAGAGGCTGACATCCACCAGGGCTTTGGCCACCTGCTGCAGAGGCTGAACCAGCCCAAGGACCAGGTGCAGATCTCCACTGGCTCTGCCCTGTTCATTGAGAAGAGGCAGCAGATCCTGACAGAGTTCCAGGAGAAGGCCCGGGCCCTCTACCAGGCTGAGGCCTTCACAGCTGACTTCCAGCAGCCCCGCCAGGCCAAGAAGCTGATCAATGACTATGTGAGGAAGCAGACCCAGGGCATGATCAAGGAGCTGGTGTCTGACCTGGACAAGAGGACCCTGATGGTGCTGGTGAACTACATCTACTTCAAGGCCAAGTGGAAGGTGCCCTTTGACCCCCTGGACACCTTCAAGTCAGAGTTCTATGCTGGGAAGAGGAGGCCAGTCATTGTGCCCATGATGTCCATGGAGGACCTGACCACCCCCTACTTCAGAGATGAGGAGCTGTTCTGCACTGTGGTGGAGCTGAAGTACACAGGCAATGCCTCTGCCATGTTCATCCTGCCAGACCAGGGAAAGATGCAGCAGGTGGAGGCCTCCCTGCAGCCAGAGACCCTGAGGAAGTGGAAGAACTCCCTGAAGCCCAGGATGATTGATGAGCTGCACCTGCCCAAGTTCTCCATCTCCACAGACTACTCCCTGGAGGATGTGCTGTCCAAGCTGGGCATCAGAGAGGTCTTCTCCACCCAGGCTGACCTGTCTGCCATCACAGGCACCAAGGACCTGCGTGTGTCCCAGGTGGTCCACAAGGCTGTGCTGGATGTGGCTGAGACAGGCACAGAGGCTGCTGCTGCCACTGGAGTGAAGTTTGTGCCCATGTCAGCCAAGCTCTACCCACTGACTGTGTACTTCAACAGGCCCTTCCTCATCATGATCTTTGACACAGAGACAGAGATTGCCCCCTTCATTGCCAAGATTGCCAACCCCAAGTGA
Serpina5,ATGCGCTTCTTCCCCATCCTGTGCCTGGTGCTCTTCATCTCCCATGGAGTGGCCTCCCGGAGGCACTCCCACTCCAAGAAGAAGAAGGCCAAGGAGTCCTCTGTGGGAGCTGTGGGACCACCCTCCTCCAAGGACTTTGCCTTCCGGCTCTACAGAGCCCTGGTGTCTGAGTCCCCAGGACAGAATGTCTTCTTCTCCCCCCTGTCTGTGTCCATGTCCCTGGGCATGCTGTCCCTGGGAGCTGGCCTGAAGACCAAGACCCAGATCCTGGATGGCCTGGGCCTGTCCCTGCAGCAGGGCCAGGAGGACAAGCTGCACAAGGGCTTCCAGCAGCTGCTGCAGCGCTTCAGGCAGCCCTCTGATGGCCTGCAGCTGTCCCTGGGCTCTGCCCTGTTCAAGGACCCAGCTGTGCACATCAGAGATGACTTCCTGTCTGCCATGAAGACCCTCTACATGTCAGACACCTTCTCCACCAACTTTGGAAACCCAGAGATTGCCAAGAAGCAGATCAACAACTATGTGGCCAAGCAGACCAAGGGAAAGATTGTGGACTTCATCAAGGACCTGGACTCCACCCATGTGATGATTGTGGTCAACTACATCTTCTTCAAGGCCAAGTGGCAGACAGCCTTCTCAGAGACCAACACCCACAAGATGGACTTCCATGTGACCCCCAAGAGGACCACCCAGGTGCCCATGATGAACAGAGAGGATGGCTACTCCTACTACCTGGACCAGAACATCTCCTGCACTGTGGTGGGCATCCCCTACCAGGGCAATGCCATTGCCCTCTTCATCCTGCCCTCAGAGGGAAAGATGAAGCAGGTGGAAGATGGCCTGGATGAGAGGACCCTGAGGAACTGGCTGAAGATGTTCACCAAGAGGCGCCTGGACCTCTACCTGCCCAAGTTCTCCATTGAAGCCACCTACAAGCTGGAGAATGTGCTGCCCAAGCTGGGCATCCAGGATGTCTTCACCACCCATGCTGACCTGTCTGGCATCACAGACCACACCAACATCAAGCTGTCAGAGATGGTGCACAAGTCCATGATGGAGGTGGAGGAGTCTGGCACCACAGCTGCTGCCATCACTGGAGCCATCTTCACCTTCCGCTCTGCCAGGCCCTCCTCCCTGAAGATTGAGTTCACCAGGCCCTTCCTGCTGACCCTGATGGAGGACTCCCACATCCTCTTTGTGGGGAAGGTGACCAGGCCCTGA
Serpina6,ATGTCCCTGGCCCTCTACACCTGCCTCTTCTGGCTCTGCACCTCTGGCCTGTGGACCACCCAGGCTGTGACAGATGAGGACTCCTCCTCCCACAGAGACCTGGCCCCCACCAATGTGGACTTTGCCTTCAACCTCTACAAGCGCCTGGTGGCCCTGAACTCTGACAAGAACACCCTCATCTCCCCAGTGTCCATCTCCATGGCCCTGGCCATGCTGTCCCTGTCCACCAGAGGCTCCACCCAGTACCTGGAGAACCTGGGCTTCAACATGTCCAAGATGTCAGAGGCTGAGATCCACCAGGGCTTCCAGTACCTGAACTCCCTGCTGCAGCAGTCTGACACAGGCCTGGAGATGAACATGGGCAATGTCATGTTCCTGCTGCAGAACCTGAAGCTGAAGGACTCCTTCCTGGCTGACACCAAGCACTACTATGAGTCTGAGGCCCTGACCATCCCCTCCAAGGACTGGACCAAGGCTGGAGAGCAGATCAACAACCATGTGAAGAACAAGACCCAGGGAAAGATTGAGCATGTGGTCTCTGACCTGGACTCCTCTGCCACCCTCATCCTCATCAACTACATCTTCCTGAAGGGCATCTGGAAGCTGCCCTTCTCCCCAGAGAACACCAGAGAGGAGGACTTCTATGTGAATGAGACCTCCACAGTGAAGGTGCCCATGATGGTGCAGTCTGGGAACATCTCCTACTTCAGAGACTCTGCCATCCCCTGCCAGATGGTGCAGATGAACTATGTGGGCAATGGCACCACCTTCATCATCCTGCCAGACCAGGGCCAGATGGACACAGTGGTGGCTGCCCTGAACAGAGACACCATTGACCGCTGGGGGAAGCTGATGATCCCCAGGCAGATGAACCTCTACATCCCCAAGTTCTCCATGTCAGACACCTATGACCTGCAGGATGTCCTGGCTGATGTGGGCATCAAGGACCTCTTCACCAACCAGTCTGACTTTGCTGACACCACCAAGGACACACCACTGACCCTCACTGTGCTGCACAAGGCCATGCTGCAGCTGGATGAGGGCAATGTGCTGCCAGCTGCCACCAATGGACCCCCAGTCCACCTGCCCTCAGAGTCCTTCACCCTGAAGTACAACAGGCCCTTCATCTTCCTGGCCTTTGACAAGTACACCTGGTCCTCCCTGATGATGTCCCAGGTGATGAACCCAGCCTGA
Serpina7,ATGTCTGTCTTCTTCTACCTCTTTGTGCTGGTGTTTGGCCTGCAGGCCACCATCCACTGTGCCCCCCACAACTCCTCAGAGGGGAAGGTGACCACCTGCCACCTGCCCCAGCAGAATGCCACCCTCTACAAGATGCCCTCCATCAATGCTGACTTTGCCTTCTCCCTCTACCGCCGCCTCTCTGTGGAGAACCCAGACCTGAACATCTTCTTCTCCCCAGTGTCCATCTCTGTGGCCCTGGCCATGCTGTCCTTTGGCTCTGGCTCCTCCACCCAGACCCAGATCCTGGAGGTCCTGGGCTTCAACCTCACAGACACCCCAGTGACAGAGCTGCAGCAGGGCTTCCAGCACCTCATCTGCTCCCTGAACTTCCCCAAGAATGAGCTGGAGCTGCAGATGGGCAATGCTGTCTTCATTGGACAGCAGCTGAAGCCACTGGCCAAGTTCCTGGATGATGTGAAGACCCTCTATGAGACAGAGGTCTTCTCCACAGACTTCTCCAATGTGTCTGCTGCCCAGCACAAGATCAACTCCTATGTGGAGAAGCAGACCAAGGGAAAGATTGTGGGCCTCATCCAAGGCCTGAAGCTGAACATCATCATGATCCTGGTGAACTACATCCACTTCAGAGCCCAGTGGGCCAACCCCTTCAGAGTGTCCAAGACAGAGGAGTCCTCCAACTTCTCTGTGGACAAGTCCACCACTGTGCAGGTGCCCATGATGCACCAGCTGGAGCAGTACTACCACTATGTGGACATGGAGCTGAACTGCACTGTGCTGCAGATGGACTACTCAGAGAATGCCCTGGCCCTCTTTGTGCTGCCCAAGGAAGGCCACATGGAGTGGGTGGAGGCTGCCATGTCCTCCAAGACCCTGAAGAAGTGGAACTACCTGCTGCAGAAGGGCTGGGTGGAGCTGTTTGTGCCCAAGTTCTCCATCTCTGCCACCTATGACCTGGGCTCCACCCTGCAGAAGATGGGCATGAGAGATGCCTTTGCTGAGTCTGCTGACTTCCCAGGCATCACAGAAGACTCTGGCCTGAAGCTGTCCTATGCCTTCCACAAGGCTGTGCTGCACATTGGAGAGGAAGGCACCAAGGAAGGAGCCTCCCCAGAGGTGGGCTCCCTGGACCAGCAGGAGGTGCCTCCACTGCACCCAGTCATCCGCCTGGACAGAGCCTTCCTGCTGATGATCCTGGAGAAGAGGACCCGCTCTGTGCTCTTCCTGGGGAAGCTGGTGAACCCCACCAAGCAGTGA
Serpina9,ATGGGCTCCTCCTCCTTCTACCGTGTGCTGCTGCTGGTGGGCTTCTGTGCCCCCATCTTCTGCATGCTGTCCTCCAACCCCTACAACCAGGAGTCCTCCCACCTGCCCTCCATGAAGAAGAACCCAGCCTCCCAGGTGTCCCCCTCCAACACCCGCTTCTCCTTCCTGCTCTACCAGCGCCTGGCCCAGGAGAACCCAGGACAGAACATCCTCTTCTCCCCAGTGTCCATCTCCACCTCCCTGGCCATGCTGTCCCTGGGAGCCCGCTCTGCCACCAAGACCCAGATCCTGAGGACCCTGGGCTTCAACTTCACCTGGGTGTCTGAGCCCACCATCCACATGGGCTTTGAGTACCTGGTGCGCTCCCTGAACAAGTGCCACCAGGGCAGAGAGCTGAGGATGGGCTCTGTGCTCTTCATCAGGAAGGAGCTGCAGCTGCAGGCCACCTTCCTGGACAGAGTGAAGAAGCTCTATGGAGCCAAGGTCTTCTCTGAGGACTTCTCCAATGCTGCCACTGCCCAGGCCCAGATCAACTCCTATGTGGAGAAGGAGACCAAGGGAAAGGTGGTGGATGTCATCCAGGACCTGGACTCCCAGACAGCCATGGTGCTGGTGAACCACATCTTCTTCAAGGCCAACTGGACCCAGCCCTTCTCCACAGCCAACACCAACAAGTCCTTCCCCTTCCTGCTGTCCAAGGGCACCACAGTCCATGTGCCCATGATGCACCAGACAGAGTCCTTTGCCTTTGGAGTGGACAAGGAGCTGGGCTGCTCCATCCTGCAGATGGACTACCGTGGAGATGCTGTGGCCTTCTTTGTGCTGCCTGGGAAAGGAAAGATGAGGCAGCTGGAGAAGTCCCTGTCTGCCCGCCGCCTGAGGAAGTGGTCCCGCTCCCTGCAGAAGCGCTGGATCAAGGTCTTCATCCCCAAGTTCTCCATCTCTGCCTCCTACAACCTGGAGACCATCCTGCCCAAGATGGGCATCAGAGATGCCTTCAACTCCAATGCTGACTTCTCTGGCATCACCAAGACCCACTTCCTGCAGGTGTCCAAGGCTGCCCACAAGGCTGTGCTGGATGTGTCTGAGGAGGGCACAGAGGCTGCTGCTGCCACCACCACCAAGCTCATTGTGCGCTCCAGAGACACCCCCTCCTCCATCATTGCCTTCAAGGAGCCCTTCCTCATCCTGCTGCTGGACAAGAACACAGAGTCTGTGCTCTTCCTGGGGAAGGTGGAGAACCCCAGGAAGATGTGA
Serpind1,ATGAAGCACCCACTCTGCACCCTGCTGTCCCTCATCACCTTCATGTGCATTGGCTCCAAGGGCCTGGCTGAGCAGCTGACCAATGAGAACCTGACCACCTCCTTCCTGCCAGCCAACTTCCACAAGGAGAACACAGTGACCAATGACTGGATCCCAGAAGGAGAAGAAGATGAGGACTACCTGGACCTGGAGAAGCTGCTGGGAGAAGATGATGACTACATCTACATCATTGATGCTGTGTCCCCCACAGACTCTGAGTCCTCTGCTGGGAACATCCTGCAGCTCTTCCAGGGAAAGTCCAGGATCCAGAGGCTGAACATCCTGAATGCCAAGTTTGCCTTCAACCTCTACCGTGTGCTGAAGGACCAGGCCACCACCTCAGACAACCTCTTCATTGCCCCTGTGGGCATCTCCACAGCCATGGGCATGATCTCCCTGGGCCTGCGAGGAGAGACCCATGAGGAGGTGCACTCTGTGCTGCACTTCAGAGACTTTGTGAATGCCTCCTCCAAGTATGAGGTGACCACCATCCACAACCTCTTCAGGAAGCTGACCCACCGCCTCTTCCGGAGGAACTTTGGCTACACCCTGCGCTCTGTGAATGGCCTCTACATCCAGAAGCAGTTCCCCATCAGAGAAGACTTCAAGGCTGCCATGAGAGAGTTCTACTTTGCTGAGGCCCAGGAGGCCAACTTCCCAGACCCAGCCTTCATCTCCAAGGCCAACAACCACATCCTGAAGCTGACCAAGGGCCTCATCAAGGAAGCCCTGGAGAACATTGACCCAGCCACCCAGATGCTGATCCTGAACTGCATCTACTTCAAGGGCACCTGGGTGAACAAGTTCCCAGTGGAGATGACCCACAACCACAACTTCAGGCTGAATGAGAGAGAGGTGGTGAAGGTGTCCATGATGCAGACCAAGGGAAACTTCCTGGCTGCCAATGACCAGGAGCTGGACTGTGACATCCTGCAGCTGGAGTATGTGGGAGGCATCTCCATGCTCATTGTGGTGCCCAGGAAGCTGTCTGGCATGAAGACCCTGGAGGCCCAGCTGACCCCCCAGGTGGTGGAGCGCTGGCAGAAGTCCATGACCAACAGGACCAGAGAGGTGCTGCTGCCCAAGTTCAAGCTGGAGAAGAACTACAACCTGGTGGAGGTGCTGAAGTCCATGGGCATCACCAAGCTGTTCAACAAGAATGGAAACATGTCAGGCATCTCTGACCAGAGGATTGCCATTGACCTGTTCAAGCACCAGTCCACCATCACAGTGAATGAGGAAGGCACCCAGGCTGCTGCTGTGACCACTGTGGGCTTCATGCCACTGTCCACCCAGGTGCGCTTCACTGTGGACAGGCCCTTCCTGTTCCTGGTCTATGAGCACAGGACCTCCTGCCTGCTCTTCATGGGCAAGGTGACCAACCCAGCCAAGTCCTGA
Smoc1,ATGCTGCCAGCCCGGGTGCGCCTGCTGACCCCCCACCTGCTGCTGGTGCTGGTGCAGCTGTCCCCTGCTGGAGGCCACAGGACCACAGGCCCCCGCTTCCTCATCTCTGACAGAGACCCACCCTGCAACCCCCACTGCCCCAGGACCCAGCCCAAGCCCATCTGTGCCTCTGATGGCCGCTCCTATGAGTCCATGTGTGAGTACCAGAGAGCCAAGTGCAGAGACCCAGCCCTGGCTGTGGTGCACAGAGGCCGCTGCAAGGATGCTGGCCAGTCCAAGTGCCGCCTGGAGCGGGCCCAGGCCCTGGAGCAGGCCAAGAAGCCCCAGGAGGCTGTGTTTGTGCCAGAGTGTGGAGAGGATGGCTCCTTCACCCAGGTGCAGTGCCACACCTACACTGGCTACTGCTGGTGTGTGACCCCAGATGGGAAGCCCATCTCTGGCTCCTCTGTGCAGAACAAGACCCCAGTGTGCTCTGGCCCAGTGACAGACAAGCCACTGTCCCAGGGCAACTCTGGCAGGAAGGTGTCCTTCCGCTTCTTCCTGACCCTGAACTCTGATGATGGCTCCAAGCCCACACCCACCATGGAGACCCAGCCAGTGTTTGATGGAGATGAGATCACAGCCCCCACCCTGTGGATCAAGCACCTGGTGATCAAGGACTCCAAGCTGAACAACACCAATGTGAGGAACTCAGAGAAGGTGCACTCCTGTGACCAGGAGAGGCAGTCTGCCCTGGAGGAGGCCAGGCAGAACCCCCGGGAGGGCATTGTCATCCCAGAGTGTGCCCCTGGAGGCCTCTACAAGCCAGTGCAGTGCCACCAGTCCACTGGCTACTGCTGGTGTGTCCTGGTGGACACTGGCAGGCCCCTGCCTGGCACCTCCACCCGCTATGTGATGCCCTCCTGTGAGTCTGATGCCCGGGCCAAGTCCATTGAGGCTGATGACCCCTTCAAGGACAGAGAGCTGCCTGGCTGCCCAGAGGGAAAGAAGATGGAGTTCATCACCTCCCTGCTGGATGCCCTGACCACAGACATGGTGCAGGCCATCAACTCTGCTGCCCCCACTGGAGGAGGCCGCTTCTCTGAGCCAGACCCCTCCCACACCCTGGAGGAGAGAGTGGCCCACTGGTACTTCTCCCAGCTGGACTCCAACTCCTCTGATGACATCAACAAGAGAGAGATGAAGCCCTTCAAGCGCTATGTGAAGAAGAAGGCCAAGCCCAAGAAGTGTGCCAGGCGCTTCACAGACTACTGTGACCTGAACAAGGACAAGGTCATCTCCCTGCCAGAGCTGAAGGGCTGCCTGGGAGTCTCCAAGGAGGGAGGCTCCCTGGGCTCCTTCCCCCAGGGAAAGAGAGCTGGCACCAACCCCTTCATTGGCCGCCTGGTCTGA
Spmip8,ATGATCCCCATTGCCCCAGGCATCAACAGAGTGGACTGGCCCTGCTTCACCAGAGCCATTGAGGACTGGTCCAAGTTTGTGTCCCGCTCAGAGGAGTTCAAGCTGCCCTGTGCCAACAAGAGAGTGGAAGGCTTCTCTGGCTATGCTGTGCGCTACCTGAAGCCAGAGGTGACCCAGAACTGGCGCTACTGCCTGAACCAGAACCCCTCCCTGGACCGCTATGGACAGAAGCCACTGCCCTTTGACTCCCTGAATGCCTTCCGGCGCTTTGGCTCCCACTACTCCAGGATCAACTACCTGACCCCCTGGCACTGA
Srpx,ATGGGCTCCCCAGGCCTGAGGCCAGAGCTGCTGCTGCCCCAGGTGCTGCCTCTGCTGCTGGCCCTGCTGCACGTGCTGCCCTCCCAGGGCTTCCCAGAGAAGCGCTGTCCCACCCTGACCATGCCAGCCAATGGAGGCTTCAAGTGTGTGGATGGAGCCTACTTCAACTCCCGCTGTGAGTACTACTGCTCCCCAGGCTACACCCTGAAGGGAGAGAGGACAGTGACCTGCATGGACAACAAGGCCTGGTCTGGCAGGCCAGCCTCCTGTGTGGACCTGGAGCCACCCAGGATCAAGTGCCCCTCTGTGAAGGAGAGGATTGCTGAGCCCAACAAGCTGACTGTGCGTGTGTCCTGGGAGTCCCCAGAGGGCAGAGACACAGCTGATGGCATCCTGACTGATGTCATCCTGAAGGGACTGCCTCCAGGCTCCAACTTCCCAGAAGGAGACCACAAGATTGAGTACACAGTCTATGACAGAGCTGAGAACAAGGGCACCTGCAAGTTCAGAGTGAAGGTGAGAGTGCGCCGCTGTGGGAAGCTGAATGCCCCAGAGAATGGCTACATGAAGTGCTCCTCTGATGGAGACAACTATGGAGCCACCTGTGAGTTCTCCTGCATTGGAGGCTATGAGCTGCAGGGCTCCCCAGCCCGGGTGTGCCAGTCCAACCTGGCCTGGTCTGGCACAGAGCCCTCCTGTGCTGCCATGAATGTGAATGTGGGAGTGCGCACAGCTGCTGCCCTGCTGGACCAGTTCTATGAGAAGAGGAGGCTGCTCATTGTCTCCACCCCCACAGCCAGGAACCTGCTCTACCGCCTGCAGCTGGGCATGCTGCAGCAGGCCCAGTGTGGCCTGGACCTGCGCCATGTGACTGTGGTGGAGCTGGTGGGAGTCTTCCCCACCCTCATTGGCAGGATCAGAGCCAAGATCATGCCACCAGCCCTGGCCCTGCAGCTGCGCCTGCTGCTGCGCATCCCCCTCTACTCCTTCTCCATGGTGGTGGTGGACAAGCATGGCATGGACAAGGAGCGCTATGTGTCCCTGGTGACCCCCATGGCCCTGTTCAACCTCATTGACACCTTCCCACTGAGGAAGGAAGAGATGATCCTGCAGGCTGAGATGGGCCAGACCTGCAATGTCTGA
Tafa4,ATGAGAGTGTGTGCCAAGTGGGTGCTGCTGTCCCGCTGGCTGGTGCTGACCTATGTGCTGATGGTGTGCTGCAAGCTGATGTCTGCCTCCTCCCAGCACCTGCGGGGCCATGCTGGCCACCACCTGATCAAGCCAGGAACCTGTGAGGTGGTGGCTGTGCACCGCTGCTGCAACAAGAACAGGATTGAAGAGAGGTCCCAGACAGTGAAGTGCTCCTGCTTCCCAGGCCAGGTGGCTGGCACCACCAGAGCCCAGCCCTCCTGTGTGGAGGCTGCCATTGTCATTGAGAAGTGGTGGTGCCACATGAACCCCTGCCTGGAGGGAGAGGACTGCAAGGTGCTGCCAGACTCCTCTGGCTGGTCCTGCTCCTCTGGGAACAAGGTGAAGACCACCAAGGTGACCAGGTGA
Thpo,ATGGAGCTGACAGACCTGCTGCTGGCTGCCATGCTGCTGGCTGTGGCCCGCCTGACCCTGTCCTCCCCAGTGGCCCCAGCCTGTGACCCCCGCCTGCTGAACAAGCTGCTGCGGGACTCCCACCTGCTGCACTCCCGCCTGTCCCAGTGCCCAGATGTGGACCCACTGTCCATCCCTGTGCTGCTGCCAGCTGTGGACTTCTCCCTGGGAGAGTGGAAGACCCAGACAGAGCAGTCCAAGGCCCAGGACATCCTGGGAGCTGTGTCCCTGCTGCTGGAGGGAGTCATGGCTGCCCGGGGCCAGCTGGAGCCCTCCTGCCTGTCCTCCCTGCTGGGCCAGCTGTCTGGCCAGGTGCGCCTGCTGCTGGGAGCCCTGCAGGGCCTCCTGGGCACCCAGCTGCCCCTGCAGGGCAGGACCACAGCCCACAAGGACCCCAATGCCCTCTTCCTGTCCCTGCAGCAGCTGCTGCGGGGGAAGGTGCGCTTCCTGCTGCTGGTGGAGGGACCCACCCTCTGTGTGCGCAGGACCCTGCCCACCACAGCTGTGCCCTCCTCCACCTCCCAGCTGCTGACCCTGAACAAGTTCCCCAACAGGACCTCTGGCCTGCTGGAGACCAACTTCTCTGTGACAGCCCGCACTGCTGGCCCAGGCCTGCTGTCCCGCCTGCAGGGCTTCAGAGTGAAGATCACCCCAGGACAGCTGAACCAGACCTCCAGGTCCCCAGTGCAGATCTCTGGCTACCTGAACAGGACCCATGGCCCAGTGAATGGCACCCATGGCCTCTTTGCTGGCACCTCCCTGCAGACCCTGGAGGCCTCTGACATCTCCCCAGGAGCCTTCAACAAGGGCTCCCTGGCCTTCAACCTGCAGGGAGGCCTGCCACCCTCCCCCTCCCTGGCCCCTGATGGCCACACACCCTTCCCACCCTCCCCAGCCCTGCCCACCACCCATGGCTCCCCACCACAGCTGCACCCACTGTTCCCAGACCCCTCCACCACCATGCCCAACTCCACAGCTCCACACCCAGTGACCATGTACCCACACCCCAGGAACCTGTCCCAGGAGACCTGA
Tsku,ATGCTGTGCTCCCTCTTCCTGCTGCTGCTGGCTGTGGGCCGGGTGCAGACCACCAGGCCCTGCTTCCCAGGCTGCCAGTGTGAGGAGGAGACCTTTGGACTCTTTGACTCCTTCTCCCTCATCAGAGTGGACTGCTCCTCCCTGGGACCCCACATTGTGCCTGTGCCCATCCCCCTGGACACAGCCCACCTGGACCTGTCCTCCAACCGCCTGGAGACAGTGAATGAGTCTGTGCTGGCTGGCCCTGGCTACACCACCCTGGCTGGCCTGGACCTGTCCTACAACCTGCTGACCTCCATCATGCCCTCTGCCTTCTCCCGCCTGCGCTACCTGGAGTCCCTGGACCTGTCCCACAATGGCCTGGCTGCCCTGCCTGCTGAGATCTTCACCTCCTCACCACTGTCTGACATCAACCTGTCCCACAACAGGCTGCGGGAGGTGTCCATCTCAGCCTTCACCACCCACTCCCAGGGCAGAGCCCTGCACGTGGACCTGTCCCACAACCTCATCCACCGCCTGCTGCCCCACCCAGCCCGGGCCTCCCTGCCAGCCCCCACCATCCAGTCCCTGAACCTGTCCTGGAACCGCTTCAGAGCTGTGCCAGACCTGCGGGACCTGCCCCTGCGCTACCTGTCCCTGGATGGCAACCCCCTGGCCACCATCAACCCAGATGCCTTCATGGGCCTGGCTGGCCTCACCCACCTGTCCCTGGCCTCCCTGCAGGGCATCCTGCACCTGCCACCCCATGGCTTCAGAGAGCTGCCTGGCCTGCAGGTCCTGGACCTGTCTGGAAACCCCAAGCTGAAGTGGGCTGGAGCTGAGGTCTTCTCTGGCCTGGGCCTGCTGCAGGAGCTGGACCTGTCTGGCTCCTCCCTGGTGCCTCTGCCAGAGATGCTGCTGCACCACCTGCCAGCCCTGCAGTCTGTGTCTGTGGGCCAGGATGTGCAGTGCCGCCGCCTGGTGCGGGAGGGAGCCTACCACAGGCAGCCAGGCTCCTCCCCCAAGGTGGTCCTGCACTGTGGAGACACCCAGGAGTCTGCTGCCCGGGGCCCAGACATCCTGTGA
Ucn3,ATGCTGATGCCCACCTACTTCCTGCTGCCTCTGCTGCTGCTGCTGGGAGGCCCCAGGACCTCCCTGTCCCACAAGTTCTACAACACTGGACCTGTCTTCTCCTGCCTGAACACAGCCCTGTCTGAGGTGAAGAAGAACAAGCTGGAAGATGTGCCTCTGCTGTCCAAGAAGTCCTTTGGCCACCTGCCCACCCAGGACCCCTCTGGAGAGGAAGATGACAACCAGACCCACCTGCAGATCAAGAGGACCTTCTCTGGAGCTGCTGGAGGCAATGGAGCTGGCTCCACCCGCTACCGCTACCAGTCCCAGGCCCAGCACAAGGGAAAGCTCTACCCAGACAAGCCCAAGTCTGACAGAGGCACCAAGTTCACCCTGTCCCTGGATGTGCCCACCAACATCATGAACATCCTCTTCAACATTGACAAGGCCAAGAACCTGAGAGCCAAGGCTGCTGCCAATGCCCAGCTCATGGCCCAGATTGGGAAGAAGAAGTGA
Wfdc2,ATGCCAGCCTGCCGCCTCTGCCTGCTGGCTGCTGGCCTGCTGCTGGGCCTGCTGCTCTTCACCCCCATCTCAGCCACAGGCACAGATGCTGAGAAGCCAGGAGAGTGCCCCCAGCTGGAGCCCATCACAGACTGTGTCCTGGAGTGCACCCTGGACAAGGACTGTGCTGACAACAGGAAGTGCTGCCAGGCTGGCTGCTCCTCTGTGTGCTCCAAGCCCAATGAGAAGCAGGGCACCTGCCCCTCTGTGGACATCCCCAAGCTGGGCCTCTGTGAGGACCAGTGCCAGGTGGACTCCCAGTGCTCTGGCAACATGAAGTGCTGCCGCAATGGCTGTGGGAAGATGGCCTGCACCACACCCAAGTTCTGA
