Gene Name,CAI,GC Content,CFD,Negative CIS Elements,Negative Repeat Elements,Raw Sequence
Ak3_dna.fasta,0.64,52.17%,9% ,0,0,ATGGGGGCGTCGGGGCGGCTGCTGCGCGCCGTGATCATGGGGGCCCCGGGCTCCGGCAAGGGCACCGTGTCGTCACGCATCACCAAACACTTCGAGCTGAAGCACCTCTCCAGCGGGGACCTGCTCCGCCAGAACATGCTGCAGGGCACAGAAATCGGTGTGTTGGCCAAGACTTTCATTGACCAAGGAAAGCTGATCCCAGATGACGTCATGACTCGGCTGGCCCTTCACGAGCTCAAAACCCTTACCCAGTGTAGCTGGCTGTTGGATGGATTTCCAAGGACACTTCCACAGGCAGAAGCCCTGGATAAAGTTTATCAGATAGACACAGTGATAAATCTCAACGTGCCCTTTGAGGTCATTAAACAGCGCCTTACTGCTCGCTGGATACATCCTGCCAGTGGTCGAGTATACAACATTGAATTCAACCCTCCCAAGACTGGCATTGATGACCTGACCGGAGAACCTCTGATTCAGCGCGAGGATGACAAACCAGAGACAGTGATCAAGAGACTAAAGGCCTATGAAGCCCAGACAGAGCCGGTCCTGCAGTATTACCAGAAAAAAGGGGTGTTGGAAACATTCTCTGGAACAGAAACCAACAAGATCTGGCCCCACGTATACTCCTTCCTACAGACGAAAGTTCCAGAAACTACCCAAAAGGCCTCTGTTACTCCCTGA
Aplp2_dna.fasta,0.67,50.55%,8% ,4,0,ATGGCGGCCACCGGGACCGCGGCCGCTGCGGCCACCGGCAAGCTTCTTGTCCTGCTGCTGCTCGGGCTCACGGCGCCCGCTGCGGCTCTGGCTGGCTACATAGAGGCTCTTGCAGCCAATGCTGGAACAGGCTTCGCTGTTGCTGAGCCTCAGATTGCGATGTTCTGTGGGAAGCTGAATATGCATGTGAACATTCAGACTGGCAAATGGGAGCCTGACCCAACAGGCACCAAGAGCTGCCTTGGAACAAAGGAGGAGGTTCTTCAGTACTGCCAGGAGATATATCCAGAGCTGCAGATCACAAATGTGATGGAAGCAAACCAGCCAGTCAATATTGATAGTTGGTGCCGAAGGGACAAAAGGCAGTGCAAGAGTCACATTGTTATACCATTCAAGTGTCTTGTGGGTGAATTTGTAAGTGATGTCCTGCTAGTTCCAGATAACTGCCAGTTTTTCCACCAAGAGCGGATGGAGGTGTGTGAGAAGCACCAGCGCTGGCACACGTTAGTCAAGGAGGCATGTCTGACTGAGGGGCTGACCTTATATAGCTATGGCATGCTGCTGCCCTGCGGGGTAGACCAGTTCCATGGCACCGAGTATGTGTGCTGCCCTCAGACAAAGACTGTTGACTCGGACTCGACTATGTCCAAAGAAGAGGAGGAAGAGGAAGAGGATGAAGAGGACGAAGAGGAAGACTATGATCTTGATAAAAGTGAATTTCCTACTGAAGCAGATTTGGAAGACTTCACAGAAGCAGCAGCAGATGAGGAAGAAGAGGATGAGGAGGAAGGGGAGGAAGTGGTGGAAGACCGTGACTACTACTATGACCCCTTTAAAGGAGACGATTACAATGAGGAGAATCCAACCGAACCCAGCAGCGAGGGCACCATTTCAGACAAGGAGATTGTTCACGATGTTAAAGCTGTCTGCTCCCAGGAGGCCATGACGGGGCCCTGCCGGGCTGTGATGCCTCGTTGGTACTTCGACCTCTCCAAGGGAAAGTGCGTACGCTTTATATATGGCGGCTGCGGCGGCAACAGGAACAATTTTGAGTCTGAGGATTATTGTATGGCTGTGTGTAAAGCGATGATTCCCCCGACTCCCCTGCCAACCAATGATGTTGATGTGTATTTTGAGACCTCAGCGGATGATAATGAGCACGCCCGCTTCCAGAAGGCTAAGGAACAGCTGGAAATTCGACATCGAAACCGAATGGACAGGGTAAAGAAGGAATGGGAAGAGGCAGAACTTCAAGCCAAGAACCTCCCCAAGACAGAAAGACAGACCCTCATCCAGCATTTCCAAGCTATGGTTAAAGCTTTAGAGAAAGAAGCAGCCAGTGAGAAGCAGCAGCTTGTGGAAACCCATCTGGCCCGAGTAGAAGCCATGCTGAATGACCGCCGACGCATAGCTCTGGAAAATTACCTGGCTGCCCTGCAGTCTGACCCACCTCGGCCACATCGCATTCTTCAAGCTCTTCGTCGTTACGTCCGTGCTGAGAACAAAGATCGCCTGCATACCATTCGTCATTACCAACACGTGTTGGCTGTTGACCCAGAAAAGGCCGCCCAGATGAAATCCCAGGTGATGACACACCTCCATGTGATTGAAGAAAGAAGGAACCAAAGTCTTTCTCTTCTGTACAAAGTTCCTTATGTTGCTCAAGAAATTCAAGAGGAAATTGATGAGCTCCTTCAGGAACAGCGAGCGGATATGGACCAATTTACCTCCTCCATCTCAGAGAACCCTGTGGATGTCCGGGTGAGCTCTGAGGAGAGTGAGGAGATCCCGCCGTTCCACCCTCTCCATCCCTTCCCATCCTTGTCTGAGAATGAAGGCTCTGGAATGGCAGAACAAGACGGGGGACTGATTGGTGCAGAAGAAAAAGTGATTAACAGCAAGAATAAAATGGATGAAAATATGGTCATTGACGAGACTCTGGATGTTAAGGAAATGATTTTCAATGCTGAGAGAGTTGGAGGCCTTGAGGAAGAGCCGGAATCGGTGGGACCTTTAAGGGAGGATTTCAGTTTGAGCAGCAATGCCCTTATTGGCTTGCTGGTTATCGCAGTGGCCATTGCTACGGTCATCGTTATCAGCCTGGTGATGCTGAGGAAGAGGCAGTACGGCACCATCAGCCACGGGATTGTGGAGGTTGACCCAATGCTCACCCCAGAAGAGCGTCACCTGAACAAGATGCAGAACCATGGTTATGAAAACCCAACCTACAAATACCTGGAGCAGATGCAGATTTAA
Aqp1_dna.fasta,0.67,58.70%,9% ,0,0,ATGGCCAGTGAAATCAAGAAGAAGCTCTTCTGGAGGGCTGTGGTGGCTGAGTTCCTGGCCATGACCCTCTTCGTCTTCATCAGCATTGGTTCTGCCCTAGGCTTCAATTACCCACTGGAGAGAAACCAGACGCTGGTCCAGGACAACGTGAAGGTGTCGCTGGCCTTTGGTTTGAGCATCGCTACTCTGGCCCAAAGTGTGGGTCACATCAGCGGTGCTCACCTCAACCCTGCGGTCACACTGGGGCTCCTGCTCAGCTGTCAGATCAGCATCCTCCGGGCTGTCATGTACATCATCGCCCAGTGTGTGGGAGCCATCGTCGCCACGGCCATTCTCTCGGGCATCACCTCCTCCCTAGTCGACAATTCACTTGGCCGCAATGACCTGGCTCACGGTGTGAACTCTGGCCAGGGCCTGGGCATTGAGATCATTGGCACTCTGCAGCTGGTACTGTGCGTTCTGGCCACCACTGACCGGAGGCGCCGAGACTTAGGTGGCTCAGCCCCGCTTGCCATTGGCTTGTCTGTGGCCCTTGGACACCTGCTGGCGATTGACTACACTGGCTGCGGTATCAACCCTGCCCGGTCATTTGGCTCTGCTGTGCTCACCCGCAACTTCTCAAACCACTGGATTTTCTGGGTGGGGCCGTTCATTGGGGGTGCCCTGGCAGTGCTCATCTATGACTTCATCCTGGCCCCACGCAGCAGCGACTTCACAGACCGCATGAAGGTGTGGACCAGTGGCCAGGTGGAGGAGTATGACCTGGATGCTGACGACATCAACTCCAGGGTGGAGATGAAGCCCAAATAG
Arl8b_dna.fasta,0.61,45.08%,16%,1,0,ATGCTGGCGCTCATCTCCCGCCTGCTGGACTGGTTCCGTTCGCTCTTCTGGAAGGAGGAGATGGAACTGACGCTCGTGGGGCTGCAGTACTCCGGCAAGACCACCTTCGTCAATGTCATCGCGTCCGGTCAATTCAGTGAAGATATGATACCCACAGTGGGCTTCAACATGAGGAAAGTAACTAAAGGCAACGTCACAATAAAGATCTGGGACATAGGCGGACAGCCCCGGTTCCGGAGCATGTGGGAGCGGTACTGCCGAGGAGTCAATGCAATTGTTTACATGATAGATGCTGCAGATCGAGAAAAGATAGAAGCCTCTCGAAATGAACTGCATAATCTTCTAGATAAACCACAGTTACAAGGGATTCCAGTACTAGTACTTGGAAACAAGAGAGATCTTCCAAATGCCTTGGATGAGAAACAGCTAATTGAGAAAATGAACCTGTCTGCTATTCAGGATAGAGAAATTTGCTGCTATTCAATTTCTTGCAAAGAAAAGGATAATATAGATATCACACTTCAGTGGCTTATTCAACACTCAAAATCCCGGAGAAGCTGA
Atf4_dna.fasta,0.59,51.63%,10%,7,0,ATGACCGAGATGAGCTTCCTGAACAGCGAAGTGTTGGCGGGGGACTTGATGTCCCCCTTCGACCAGTCGGGTTTGGGGGCTGAAGAAAGCCTAGGTCTCTTAGATGACTATCTGGAGGTGGCCAAGCACTTGAAACCTCATGGGTTCTCCAGCGACAAGGCGGGCTCCTCGGAATGGCCGGCTATGGATGATGGCTTGGCCAGTGCCTCAGACACCGGCAAGGAGGATGCCTTTTCCGGGACAGATTGGATGTTGGAGAAAATGGATCTGAAAGAGTTTGACTTCGATGCTCTGTTTCGAATGGATGACCTGGAAACCATGCCAGATGAGCTCTTGACCACGTTGGATGACACATGTGATCTTTTTGCCCCTCTAGTCCAAGAGACTAATAAGGAGCCCCCTCAGACAGTGAACCCAATTGGCCATCTCCCAGAAAGTTTAATAAAAGTCGACCAGGTTGCCCCCTTTACATTCTTGCAGCCTTTCCCCTGTTCCCCAGGGGTTCTGTCTTCCACTCCAGAGCATTCCTTTAGTTTAGAGCTAGGCAGTGAAGTTGATATCTCTGAAGGAGACAGGAAGCCTGACTCTGCTGCTTACATTACTCTAATCCCTCCATGTGTAAAGGAGGAAGACACTCCCTCTGACAATGACAGTGGCATCTGTATGAGCCCAGAGTCCTACCTGGGCTCTCCCCAGCATAGCCCCTCCACCTCCAGGGCCCCACCAGACAATCTGCCTTCTCCAGGTGGTTCCCGTGGGTCTCCTCGGCCCAAACCTTATGACCCACCTGGAGTTAGTTTGACAGCTAAAGTGAAGACTGAGAAATTGGATAAGAAGCTGAAAAAGATGGAGCAAAACAAGACAGCAGCCACTAGGTACCGCCAGAAGAAGCGGGCTGAGCAGGAGGCCCTCACTGGCGAGTGTAAGGAGCTAGAAAAAAAGAATGAGGCTCTGAAAGAGAAGGCAGATTCTCTGGCCAAGGAGATCCAGTATCTGAAAGACCTGATAGAAGAGGTCCGTAAGGCAAGGGGGAAGAAGAGAGTTCCGTAA
Atp5f1c_dna.fasta,0.66,46.05%,8% ,2,0,ATGGCAACTCTGAAAGATATTACCAGGAGACTGAAGTCCATCAAAAACATCCAGAAAATTACCAAGTCTATGAAGATGGTGGCAGCTGCAAAGTATGCCCGGGCTGAGCGGGAGCTGAAGCCTGCCCGAGTGTATGGGACAGGTTCTTTGGCTCTGTATGAGAAGGCTGATATTAAGGCACCTGAGGACAAGAAGAAGCACCTCATTATTGGTGTGTCCTCAGATAGAGGGCTTTGTGGTGCTATTCACTCCTCAGTGGCTAAACAGATGAAGAATGAAGTGGCTGCCCTCACAGCAGCTGGGAAAGAAGTTATGATTGTTGGAGTTGGTGAAAAAATCAAGGGCATACTTTATAGGACTCATTCTGATCAGTTTTTGGTGTCATTCAAAGATGTGGGACGGAAGCCTCCTACTTTTGGAGATGCATCAGTCATTGCCCTTGAGTTGTTAAATTCTGGATATGAATTTGATGAAGGCTCTATCATTTTTAATCAGTTCAAGTCTGTTATCTCCTACAAGACAGAAGAGAAGCCCATCTTCTCTCTGAATACCATTGCGACTGCTGAGACCATGAGCATCTATGATGACATTGATGCTGATGTGCTGCAGAATTACCAGGAGTACAATCTGGCCAACCTCATCTACTACTCCCTGAAGGAGTCCACCACCAGTGAGCAGAGTGCCAGGATGACCGCCATGGACAACGCCAGCAAGAACGCTTCTGATATGATTGACAAATTGACCTTGACTTTCAACCGCACCCGCCAGGCTGTCATCACAAAGGAGTTGATTGAAATCATCTCTGGGGCTGCTGCTCTGGATTAA
Cmya5_dna.fasta,0.59,48.63%,12%,11,68,ATGGAGAGCGGCGACAGCGGACTCGCAGCCCAGGGCTTCCTAGGATGGGGTGCAGACGAGGAGGTGGCCCAGGAGCTGGAGACGGAGGAGGAGTCGGAGGGCGAGGGGGAGGAGACGGCGGCCGAGTCGGAGGAGGAGCCCGACGCCAGGTTATCAGATGAGGATGAGGAGGGCAAGACCAAGCAGGAGTGTATCGTCTCTGACCCTTCCTTTTCCATGGTGGCAGTTCAACGTGAAGACAGTGGGATAACCTGGGAGACCAACTCAAGCAGATCTTCCACTCCTTGGGCTTCAGGAGAAAGTCAGACCTCGGGAATATGTAGTTTGGAAGGGTCAGCTCTGACTTCTCCTCCAGGAAGTGTTTCCTTTATTATGGATGAAGTTAAAAGGACACGGAAAAGAACTCAGAAGTCCAAGCGTGGCTCACCGTCACTGCGTCGGAAAGGCAGCAAAAAAAGGAATTCTCTGGAATCACAAGATGTTCTGACAAACCAAGAAGATGGTCCTTCAATTTCAGAAAGCCCTGTGCTCAATATTGAGAATGAAAAGTCATCTATTGGCACTTATGATAAAACAAGAAGGAAGAAGACTGCATCAAATACGCCTCCCATCACTGGGGCTATCTACAAAGAGCACAAACCATTAGTGTTGAAGCCAGTCTACATAGGAACGGTACAATACAAAATAAAGATGTTCAATTCAGTTAAAGAAGAGTTAATTCCTCTACAATTTTATGGGACGTTGCCAAAAGGTTATGTAATTAAGGAAATACATTACAGGAGAGGAAAAGATTCATCTATTAGTCTAGAGCCGGATTTGAGCAATGGTGGTTCTAATATAGTTCCCCAAAGGAAATTAGCCCAGAGCCCAGAAGAAGACAAAGTAAGAGAGCTTGCTCCACCCTGGAGAGGTGCCCTCTCCAAAGGGTCCAGGACCTCATTGTTTAGTCACGAAGAGCAAAAGAAAACGTATGCCGATTCCAATTTAAATGTTCCATCTTCAACAGAACACGCATTTCCCTCCAGTGCCAGAAATGATACAGCTGATCAAGAAGAAAATCTCAGCCTTCCACAAATGATGCCACAACAGCCAGCTGATGAATCAAAGACCCACAGAATGGAGCCACCAAGCATTCCAGCAACCATGGTCCTTGAAAGAGCAAAGGAAGAACTGGAACAGAATGCACAAGGAAAGGAAAGTTCAGAGGATGATGCTTCAGTCTTGACAGGCTCAGCCGATGATGTGCAACAGGAAGGCTTGGTTTCTGTCAACCATTCCATGCCATGGGAGGCAGAGAAGGAGTCTTTAGAGACAGGACCACCAAGACCAGCGCCAGCCATCCAAGAAAAGTTTGAGCCAGACATGGAAGGGCTAGAGCCGATTTCAACAGAAAAAACAGAACAAGCGTCTGAATACGTGACCTCATCTGAGCCCATAGTCCACAGAGAGGAGGAGCATGCGCCTGAGCCCATAGTCCACAGAGAGGAGGAGCATGCGCCTGAGCCCATAGTCCACAGAGAGGAGGAGCATGCGCCTGAGCCCATAGTCCACAGAGAGGAGGAGCATGCGCCTGAATCCATAGTCCACAGAGAGGAGGAGCATGCGCCTGAGTCCATAGTTCAAAGAGAGGAGGAGCATGCGCCTGAGCCTGAGTCCATAGTCCACAGAGAGGAGGAGCATGCGCCTGGGCCTGTGCCCATAGTCCACAGAGAGGAGGAGCATGTGCCTGAGCTTGAGTCCATAGTCCACAGAGGGGAGGAGCATGCGCCTGAGCCCATAGTCCACAGAGATGAGGGGCATGCACCGGAGCCCATAGTCCACAGAGAGGAGGAGCATGTGCCTGAGCCCATAGTCCACAGAGATGAGGGGCATGCACCTGAGCCCATAGTTCACAGAGAGGAGGAGCATGTGCCTGAGCCTGAGTCCATAGTCCACAGAGAGGAGGAGCATGCGCCTGAACCCATGGTTCTTAGAAAGGCACAACTAGAGAGGGGAGTGGAAACTTCTACGCCAATCACGGATACCACTGAACCCGAAGATTCTAGTCTAGAAGAAGAGATCATAGAACTTGATTACCCGGAAAGTCCTTTAGCTTCTAAGGAGACTTCCCCATCGCCTTTGTCCCCTGAAGTAGAGCACAGAAAAGAGCCCATTCTACCAACACAGATGACATTCACACCTGAACGTATCACTTTGTCCGAGGAAGAAAGAGAAGAAAACGAGTCTGTTTCTACCGATTCTGCTTTTGTATCTGAGTATTCAGTCCTACAGGATTTGAACCATACACCAGAGAAGCTGGAAGTAGAGGCAGTTTCTGTATCTGATGTGAAATCTAGCAATGAACCTGCAGTCTTTTCAGAGGACGACGAGGAACGTGAGTCTTATTCCCCAGCTATGACCTCTGTATCTGAGCAGTCTCTTTCTCCATCCACCACTGAGAAGACATCTGCCATCCAGTCCCCACTCTTTTCAACAGTTTCACCAGTCCTGTCTGGAGATGAGGCCTCAGAGAGCGTGTGTCACTCACCAGAATCTGAATCTGCGGCTGAGTATTCTGTTCCAGCACATGCGCAAGAGTTGCTGTTGAAAACAGGTGACCACAAGCTCCCATTAAAGTCCCAACGTGTTTCTGAGCCCATCATTCAGGCAGAAGATGAGAAAGAAGATATTGGGCTACTTCCCCCAGCAGCACTGAGCCAGGCAGTTCTATCGGAAGATGAGAGTCTAGGAAGTGGAAGTTTCGCATCAGATTCAAAGCTGCCATTTAAACCCTCGGTTTCACAAAATGCAACACGGGAATCCCCCCAAAAAACAATAGATGACATGCCCCAATTCAAACCAAGAGGCCTTTCTGATCCTGCAACCCTGTTAGAAGAAGAAAAGGAAGCCATTGGAGTTGGGCTATCTTCATCCAATGAGGTCTCTGCAGTGGAATGCGCTCTCCCCCCACAAACCACTGAGCTGCTTTCTGAAAGCCATGCCCCACCTCCCTGGGCCATCTCATCCGAACAAGTGGTCCAATCAGAAGAAGGGAGCAGAGACCAGCAGCGGGGCTCATTCTCTTCCACACCAGAGCTTGGCCACACATCTCCTCTGCTTCTAAAGGGTGCCTCCTCACCCACAGGTCTATCAGAGCAAGGGCAGGAAGAGGACAATATTGGGCCCCTTTCCCCTGATTCTGCATTTGCGTCAGAATTCTCATTCTCACCCTATCCGACTCAGGAACTAGAGAAGAGAGAGCTGGGGCGGGATTCTCCACTGTGCTTAACGTCCCCCTCTGAGCAGACTGTTCTGTCTGATGAGGACACGGAAGAGGCTGACCTCTTTTCTCCGGATTCAGCATCACAGGTGTCAATCCCACCATACCGAATCGCAGAAACAGAGCAAAACAAGGTCGAGCCAGACGAATTACTACCTAGGAGGTCTGCTCCAGACTATCCCTACTTCTCAGAGGCAGATGAAGAAGAGGCGGGGTCCTCAGTGGTCACGCCTGTGCCTGAGCATTCTGAGCCATCGCAGGAGCGGGAGGAGTCTTCCCCTTGTAGGCCTGTGTTCGAAGATCTGAGCCTGCTACCTTCGGCAGATAAGACCGGCCAAGCAGAAACTATGTCAGATGTTCCAACAATTTCAACCTCTGTGTCTGAATATCTCATCCTGGCACAGCAGGAGAAAACTCAGGCATCTTTGGAGCCTGAGGCTGAAGATTTGGTACCACCACCAACCAGTGGATGGGAGAAGAGAGATGCAAAGAGTAGTCTGCCAGCAGTTACAATAGCAGCTTCCTCTTCTGCACTCTCATCAGTGGTAAAGGAAGAAACCACATCCGTTTTGCCCACCTCTCAGCCCTCAGTTTCACCCGAGTCAACCTGTGTGCTTAAGCCAGAGCAGGAGCCCACAGCACCTCTCACTCTAACAAGTGCAGATGAACAGATGGCTTTGCCCAGAGTCGGAAGGGAAAAAGCTGTGCTGGATTCTCAAGAAGCGACAGCACACAAATCGCAGGATCAGACACCAGAGCCTCGGCTCCCAAATGTTCCAGGGTCTGGGATGAAATATTCAGTTTTGTCTGACTTGGGAGATGAGCCAAAGGCGGATGTCAAACTCAATTTAGCTCCAACTGTGACTTCTGAACTAGAACAGAGAATGTTGTCAAAGAATGAGCCTGAAGTGGCAAAACCACACTCACCTCCAGAGGAAACATCTATTTCTGGACCTAAGGTTTTATCTGCAGTGAAAACGGAAGTGAAACAGGAGTCCAAAATAACCAGGGAACTTCCTGCGGCTTCATCGGGGAGAGAGAGGGGAGCAGAACACAGTCCACCTGCACCACCTGCACTTCCAGCATTGATGGAAGAGATGGGGAAAGACACAGAAGCCAGCTCTTCTGCCACCACAGTGCCAGTAACTAAGCTTGATTCAAATTCAACTAAATTAGGCAGGGATGAAGTCCTGACAGATCCATCTCTTGCCAGCCCTGTGGAACACCCAGGCTTAAAGGGAGTAGGGAAGAGCGAGTTAGGCAGTGGTTTGCCTTTGCCCAGCATGTCTACCTCAGAGGTGTTAAGGCCTGAACCCAAACTTCCTGTCAACTCAGGGGTTGAGGTAGAGAGAGAAGACAACGAGCCACCTCCATTGCAAGTGTCACCCACATCCAAACCCACGGTGCCAAATGACAAACACGAGGAGATAACAAGGTCTCCTGATTCTGAAAATGTAGTTTCAGATGATTTAGCTCCAACATTACTGGCCCTCAGACATGAGATGAACAGGCAAGCAGAGGAGACATCTTCTCCAGTGCCGGGGAGTTTCCTGTCAGGAGAGCAAGAGCTTATAAAGCTCCCCCCAGAGCCTGAGAAGCACAAACAGTTATCAGAAGTACCAACTGCTGGGTCAGAACTCATTGATAGTAGAGATAGAGATAGATCCTTAGGTATAGAACCAGTAAAACCCATCGGAACGGAACCAGGGCCTTCTATCTTAGAAAAGGGCCCCGCTGAGCTTCAGAGAAGAGGAAAAGAACAAGAAGAAAACAGGAAGCTTCCTGTGCCTGCCTCAGCTCCATTAGAGACTGCTTCTTTTGACCTCCCCATTGAGCAAAAAGAGCCTAAACGGACCCTTCATGAGGGCCAAGCTGTTGAGGTGCCTGATGAGAGCAGCTCTTCTGCAGATAAGCCAGAGCTGGGTGTTAAACAATTGGCAGAGAAGAAGGAGAATTTGGAGCAACCCAAGCCATTTGTGACAACTGAGCGTGCCAGTGTTACAGGATCAAAAGTGAAAGAGAGTCTCATTTCTCCAAAGGACAACACCTGGATGCTGGAAAAGCCAGATGGCTTAGTCAATCAGCATGAAGATAGAAAACCAGGAACTGGGCAGCTGGAGTCCTCTGAGAGCACTGATCTGATGTCAGAGAAACTTGGGGCTGCTCCACTGGATACAGATCACACATCTGAAACCAGAAACCAAGAAACAAGCAAAGCACCAGTGTCTGGTGAGAAGCTATCTCAGGAACCCAGAAGGGTTCAGTCAAAGGCTGTAGATGATTCTGAGGAAGGGAGAAAGCTAGCCTCTGGCAACGTGGAAGTACTCACCCAAAGTAAATCTGTCCCTGCTGTGAAAGCAAAAGCCACACCTCAACCTCCAGAGACCCCAGAGGTGACACAAAAGCCATCTGAGAAGTCACTCGTCACTGAGCAAGGTCTTCCTGCAGAGAAGGGAAAGAAAGGCATTTCATCTTTTAAATCATGGATGTCTAGTTTATTGTTTGGATCAAGCATTCCAGATAGTAAGGTCTCTGACAACGAAGATCTAGAAACTCGTCCAGGTCCCTCTGTAGAGAAAGCAGTACCTGCCATAGAGCCTAAAGGTACAGTTCCTGCTGAGGTTAATATAGCCGAGAAGCCAGCGGTTCATTCATTACCTGAGGTCACAGTTAAACTGGCCGAGGAGCCCAAAGGCGTTTCAGTTAAATCCAGCATAAGTCAAGACCTTAAAGAAAAACTCACATTTTTATCAAACGAAGACGTTTTAAAGCAACCTAAGTCTAACTCTGAAAACTATGGGCAGAAGGAACTGCCAGGCTTCTCAGAAGGAATGGGCGAAAGCTTAGCTACTTCAGTTGGTGACAAACATCCTGGAATTCATCCTTGTTCCCCTATGGGTGAGAAAGTGGGTATGGAAGAAGCCCAAAACATGGCTCCTCTTCATATTACTGAGAGCCAAAGACGCCAGAAGCCAGAGGTCTCTTCTCCGTCTATGTGGAATATTTCTGCACGTAAGGAAGAGCCAAGCAGTGATCACAAGGAAACATGGCTCTCGTCATCTGACGTAGTAGATAGAATGCCACAGAAGCCCAAATCAGCCCAGTCCGCCTTCACAAGGATGAACTCAGAGGAACCAGCATCAATGATTCTGCCAGTGGAATCAAAAGGCAGTTTAAGTGATCTTGGTGAAGACAGACTTAGACAAGAAATGCCAAAACCCACTTCTTTGGAACATTGTGAAGAGGAAGTGGAACGTCCAACAGAGGAGAAGGATGGCTGGGAAACTAGATCATTTTCCTTGGCAGGGAAGAGGGGCCTGGCAGAGAAGCAAGAAATCATGGCTCCCTTGGAACTCAGGGAAAATGAAGCAGTAGGAGAGTTGCAAAGGATGCCGGAATCTCGACCTTTCAAATTGGAAGAATCAAAAGCTGCTGAGAGGCTTGAACAGCGCATCTCTCCAACTGAAAAGCTCATGGAAAAACCCAGCAAGACTCTTGCTTTGGATAGGAGAGAAAAGGAAGTGCAGGAATGGGTATTTTCAGAAGGAGAGAAGCAAGAATACCCCCCTGCAGCCATGCCTGTGCCTGGAGCATCAGCTGTTTCTTTGGATAAGGCTCAACCACATTTGCTGGCTAAACCAACACCAGTTGTTGAAAAACCAGAACATATAGTCACAGAGGTATACCCAGAAATTAGGGAGAGAAAGGCAGCAGAAACCCAACCACATCCCCAGGAAGAAGGTAAAACTTTAGTAGAGAAAACCAAGGTTTCCCGTGTGGAGTCTCCCCATGGAGAGGAAACGGATGGCCATTCTCTTACTCAGGAAGGAAATCTGGAGTTGGAAAAGTCAGGTGAGAGTAGAGTGGATCTCAAAGAGGAAAGGAGGCGGTTCGTGATGCCCGAGTTGTCCCTTGGTGCTTCAGTGGCTGCGGAAGATGGAAGTGTGCAGCCAAGACCCCTATCTAAGGATGCTGCTAGGGTATCAGACATGACTGATGAAACAAAGCATTTAGGAACGCCGCCAACTCAGCCGTCAGCTGTAGAACCACAAACTCTTGTTTTAGGAACTTCTGTAGAACATACAGTGAAGAAACAAGAAACATGGTCAGACAGGCCCACAGTCCACACTTTCCAGACATCTAAAGACTACACGGAAGAGATGCTGAAACAGTCTGTTCTTATTTCAAAGCATCACTTGGAAGCTGTGGAAGATGTGCACAGAAACGAACCGCCCTCTTCAGCAGCAAGTAACTATACTCAGTTTATGCTTAGTGCATCAGAGATCAGTGCTGATGGAGTTCCTCCTATGGGAGGCACAGCCCAGGAGCCTGAAGGCACCTCTGTGAAAGATGAAGAATTTTCAGTAACCAGCAAGCCAGCTGGCCTTTCAGAAGATCAGAAGAGTGCCTTTAGCATCATTTCTGAAGGCTGCGAGATATTGAATATCCATGCCCCTGCCTTCATCCCTTCAGTGGATCAGGAAGAAAGTGAACAAATGCAAGATAAGTTACAGTATTTGGAAGAGAAAGCTTCATTTAAAAGCATATCTGTTCATGATGAGAAGAAGGCAGCTGCTTCCCATAAAACGCAGAAGAGCAAGTTAGAAGTTCCTGATAGGAAAATTACATCACTGAAGGAAAATGAGACAAAGGAAACTCATAAGACAAAGGAGGAGATAGCCACAGACTCAGGAATGGGTGATTTCACACCTATCCAACCCACAGTTTCTGGTGAAGAGGATTATTTTGAAAAATATACTTTGATTGATTATAACCTCTCCCCAGGCTCAGGAAAACAGAAATCAACTGTTGAGGAATCTTCAGAGGAAGCCACCAAAACACTGACTTCTTTCCCAGAAAGTTCAGCTGAACAGGCCCTAGACCATGAATATAACTTAGTAAAGTTAGACGAGAGCTTTTATGGGCCAGAAAAGGATGATAGCAAATTATCTCATGCAGAGATGCAAAAGTCTTTGGCTATCCAAAAACCAGATGACAGAAATGCTCCAAAGGGTATCAGTAGAGATGTGGACTCCAGGTCTCCTGGGATGCCTTTATTTGATGTGGAGGAAGGAGTTCTATCAAAAAGACAAATATTTCCCACCACCCCCAAGGCTGTCAACCCTGAGCTGCTAGAGGAGCCCCCAGCACTTTCCTTCTTCTATAAGGATCTGTATGAAGGGGCGGGTGGGGAGAAAAATGAAGGCGAAACAGCTTCAGAAGGTGACAGTGTGGACTCTGAGACATCATTCCCAAGGCGACATTCTGACACTGATGATGGACCAGGTATGTATTTTGAGAAGTACATACTCAAAGACGACATTCTTCATGACGAAACTGTAACTCAAGAAGATCAAGGCCAAGGCCTGGAAGAAAAGCCAGTTGGTGAAGAGGATTCACAGCAACTGAGAGTTGCAGAAAGAGAGATCAGGAGAAAGCCTGAAACTAGTTTTTGGGAGAAAAATCTGGAAGAACAGCACAAAGTTGTTGGCCGGGAAGGAGAACCCACAGGCCACATGGAGACCCTTGATGAGGCGGCAATGCAGCAGAAAGCTCCCATTACAGAGCAAGTCAGAGCAGTCACCCAGAAGATGAGCTATGCAGTTCCATTCCAGGACACCCGCTGTGTTCTGGAGAGTGAGCCAAGCAGCCAGGGTAATGAGGCAGGAAATGCAAGTCCAGATGTCAATCTGAATGTCCCCGTACAAGAGTCTTTCCCAGAAGAAGAATCTGCAGCAGGTGCCACCTATGCTCCTGAAGTATTGCAAGAGAGGCTGGTCCCATCTGTGTCCCGGGAAGAGAGGCTCCACAATACCCCTGTGCAGGATGAGTATGACTTTGTTGGCTCTCTGAATCAGGAAGCAGCCAGTCAAGCCATCTTACCAGAAGAGCCAGGTTCAGAATCCTCACCCAAAGAAGTGTTATCTCAAGGATCAGAATCCTTTGAGCACATCAGGGAACAGGAGCTCACGAGTGAGGGGGAACCAAGAATGTCTGCTTCACAGGAAGTGTGGGACAGGACAGAAGACCAATCAGCAAGAGAATCAGTGACCGCTAAGACACAAAAGGAACCGAAAAAGACTCAGGCTGAATCTTACTGCTACACCTGCAAAAGCCTGGTCTCTGAAATGGACAAGGCACTGGACATTCACAAAGACCACGAGGTTTCAGCACTCGACACGGCTATAAGTGCTGTTAAGGTTCAATTAGGAGAATTTCTTGAGAACCTACAAGAAAAATCCTTGAGGATTGAAGCTTTTGTTAGTGAGATTGAATCCTTTTTTAATACCATTGAGGAAAAGTGTAGCAAAAATGAGAAACGACTGGAAATGCAGAACGAGGAAATGATGAAGAGGGTTTTGGCGCAGTATGATGAGAAAGCACAGAGCTTCGAGGAAGTGAAGAAGAAGAAGATGGAGTTCCTGCATGACCAGATGGTCCACTTCCTGCAGAGCATGGACACGGCTAAGGACACCCTAGAGACTATTGTGAGAGAGGCGGAGGAGCTTGACGAGACAGTTTTCCTGGCTTCCTTTGAGGAAATCAATGAAAGGCTGCTGTCTGCCATGGAGAGCACAGCTTCCTTAGAGAACATGCCTGCCGCGTTCTCACTTTTCGAACACTACGATGACAGCTCGGCGCGAAGTGACCAGATGTTGAAACAAGTGGCTGTTCCACAGCCTCCCAGACTAGAACCCCAGGAACCAAGCTCTGCTACCAGCACAACAATTGCAGTGTACTGGAGCGTGAACAAGGAGGATGTTGTGGACTCATTCCAGGTATACTGTGTAGAGGAGCCTCAGGATGATCAAGAAATAAATGAACTGGTAGAAGAATATAGATTAACAGTGAAGGAAAGTTGCTGCATATTTGAAGACTTAGAACCCGATCGATGTTACCAAGTGTGGGTGATGGCTGTCAACTTCACCGGATGTAGCCTGCCCAGTGAAAGAGCAATTTTTAGAACAGCACCGTCCACAGCTGTGATTCATGTAGAAGACTGTACTGTGTGTTGGAACACTGCCACTGTCAGATGGCGGCCTGCCAACCCGGAGGCCACCGAGACCTACACTCTGGAGTACTGCAGACAGCACTCTCCTGAGGGCGAGGGCCTGAGATCTTTCTCTGGAATTAAAGGACTCCAGCTCAAGGTTAACCTCCCTCCCAACGACAATTACTTCTTCTATGTGAGAGCCACCAATGCCTCTGGGACGAGTGAACAGAGTGAAGCTGCCCTCATCTCCACCAGAGGAACTAGATTCCTCTTATTGAGAGAAACAGCTCACCCAGCTCTCCAGATCTCCGCGAACGGGACGGTGATCAGCTTCTCTGAGAGGAGACGGCTGACGGAGATCCCCTCAGTGCTGGGTGAGGAGCTGCCTGCCTGCGGCCAGCATTACTGGGAAACCACCGTCGCAGACAGTCCAGCCTATCGACTCGGCATCTGCACCAGCTCAGCTGTGAGGGCTGGTGCCCTGGGACAAGGGGAGACCTCATGGTACATGCACTGCTCTGAGCCACAGAGATACACATTTTTCTACAGTGGCATTGTGAGTGAGGTGCACGCAACCGAGCGTCCAGCCAGAGTGGGCATTCTGCTGGACTATACCAACCAGAGACTTCTGTTTATAAACGCCGAGAGTGGACAGCTGCTCTTCATCGTGAGGCACAGGTTCAACGAGGGCGTGCATCCCGCCTTTGCCTTGGAGAAGCCTGGGAGATGTACTCTGCACCTGGGCTTAGAGCCCCCAGACTCTGTCAGGCACAAGTGA
Coq5_dna.fasta,0.60,53.79%,14%,0,0,ATGGCGGCGCCCAGGTGCTGCGTTCTATGGCGCGTCTGCGGCCGCGGGTGGTGGCGAGCCACGGGACACTGCAGGCTCCCCGGGTGTCATAGATCCTGGCCATGGGCCACGCTGGGAACGCGGTCCTTGTCCCAGGAGAAGCGAGCCGCGGAAACGCACTTCGGGTTTGAGACCGTGTCGGAAGGGGAGAAAGGAAGCAAAGTCTACCAGGTGTTTGAGAACGTGGCCAAGAAGTACGATCTGATGAATGACATGATGAGTCTCGGCATCCATCGAGCTTGGAAGGATTTGCTTATCAGGAAGATGCACCCGCTGCCCGGGACCCAGCTGCTCGACATGGCTGGAGGCACAGGTGACATTGCGTTCCGGTTCCTTAGTTACGTTCAGGCACAACATCAGAGGAGACAGAGGAGACAGCTAAGGACTCAGCAAAACCTATCCTGGGAAGAAATTGCCAAAAAGTACCAGAATGAAGAGGATTCCTTGGGAGGTTCACTTGCCACGGTCTGTGACATCAACAGGGAGATGCTAAAGGTTGGGAAGCAGAAGGCCTTGGACCAAGGACACACAGCTGGACTGGCGTGGGTGCTGGGAGACGCTGAAGAACTGCCCTTCGATGACGACAGCTTTGATGTTTACACCATTGCATTTGGGATCCGGAATGTCACACACATTGACCAGGCTCTCCAGGAAGCCCATCGGGTCCTAAAGCCAGGAGGCCGGTTTCTCTGTCTGGAATTTGGCCAAGTGAATGACCCTCTCATATCCAGGCTTTATGATCTGTACAGCTTCCAGGTCATCCCTGTCATTGGTGAGGTCATTGCAGGAGACTGGAAGTCCTACCAATACCTTGTGGAAAGTATTCGGAAGTTCCCAAATCAGGAGGACTTCAAGGACATGATTGAAGACGCAGGCTTTCAGAGGGTGACGTACGAGAACCTGACTACAGGGATTGTGGCCATTCACTCTGGCTTCAAACTCTAG
Cpe_dna.fasta,0.67,53.95%,8% ,1,0,ATGGCCGGGCGCGGAGGACGGGTGCTGCTGGCGCTGTGTGCCGCGCTGGTGGCCGGCGGGTGGCTGCTGACGGCTGAAGCCCAGGAGCCCGGGGCGCCAGCGGCTGGCATGAGGCGCCGCCGGCGGCTCCAGCAAGAGGACGGCATCTCCTTCGAGTACCACCGCTATCCAGAGCTGCGCGAGGCGCTGGTGTCCGTATGGCTGCAGTGCACCGCCATCAGCAGAATCTACACAGTGGGGCGCAGCTTCGAGGGCCGGGAGCTCCTGGTCATCGAGCTGTCTGACAACCCCGGGGTCCATGAGCCGGGTGAACCTGAATTTAAATACATTGGGAACATGCATGGTAATGAGGCGGTTGGACGGGAACTGCTTATTTTCTTGGCCCAGTACCTGTGTAACGAGTACCAGAAAGGCAATGAGACAATTGTCAACCTGATCCACAGCACCCGAATTCATATCATGCCCTCCTTGAACCCCGACGGCTTTGAGAAAGCCGCATCGCAGCCCGGCGAGCTGAAGGACTGGTTTGTGGGCCGCAGCAACGCCCAGGGAATAGATCTGAACCGTAACTTCCCAGACCTGGACAGGATCGTGTATGTTAATGAGAAAGAAGGCGGTCCTAACAATCACCTGCTGAAGAATCTGAAGAAAATTGTGGACCAAAATTCAAAGCTTGCCCCCGAGACCAAGGCTGTCATTCACTGGATCATGGACATTCCATTTGTGCTTTCTGCCAATCTGCACGGAGGAGACCTTGTGGCTAATTACCCATATGATGAGACACGGAGCGGTACTGCTCACGAATACAGTTCCTGCCCTGATGACGCAATTTTCCAAAGCTTGGCTCGCGCGTACTCTTCTTTCAACCCAGTCATGTCTGACCCCAATCGACCTCCCTGTCGCAAGAATGACGATGACAGCAGCTTTGTAGATGGAACGACCAATGGTGGTGCATGGTACAGCGTCCCCGGTGGAATGCAAGACTTCAATTACCTGAGCAGCAACTGCTTCGAGATCACTGTGGAGCTTAGCTGTGAGAAGTTCCCACCGGAAGAGACTCTCAAAAGCTACTGGGAAGATAACAAAAACTCCCTCATCAGCTACCTGGAGCAGATACACCGAGGTGTTAAAGGGTTTGTCCGTGACCTTCAGGGTAACCCGATTGCCAACGCAACCATCTCTGTGGACGGGATAGACCATGATGTCACCTCGGCTAAGGATGGGGATTACTGGCGATTGCTTGCTCCTGGAAACTATAAACTTACAGCCTCCGCTCCTGGCTACCTGGCAATCACAAAGAAAGTGGCAGTTCCTTTTAGCCCTGCTGTTGGGGTGGACTTTGAGCTTGAGTCTTTCTCTGAAAGGAAGGAGGAGGAGAAGGAAGAATTGATGGAGTGGTGGAAAATGATGTCAGAAACTTTGAATTTTTAA
Dnajb5_dna.fasta,0.61,55.54%,12%,3,0,ATGTTTAAGCGCACAGTGCTGTCCTGCCCACCCCCAGCAGCACCCCCACTGCAGGCTCGAGGAGCTTTCCGGAGCTTCCCACACTTCTGGGGAGAAGACTTCTTAGCCAGCTTGATGTTTAAAATTCAGCTGGAGCCCTTAAAACTTCGAGCGTGGACGCTGAATGGGTTTGTAAAGTTTCGGAACAAGGAGCCCAGCACCGGTCCAGTGGCTGTGATGGGAAAAGATTATTACAAGATTCTTGGGATCCCGTCTGGGGCCAATGAGGATGAGATCAAGAAGGCCTATCGGAAGATGGCCTTGAAGTACCACCCAGACAAGAACAAAGAGCCCAACGCCGAGGAGAAGTTTAAGGAGATTGCTGAGGCCTACGATGTGCTGAGTGACCCTAAGAAGCGGAGCCTGTACGACCAGTATGGTGAGGAAGGCCTCAAGACCGGCGGTGGTTCCTCAGGTGGTTCCGGTGGCTCCTTTCACTACACCTTTCATGGGGACCCTCATGCCACCTTTGCTTCCTTCTTTGGTGGCTCCAACCCCTTCGATATCTTCTTTGCCAGCAGCCGCTCCACTCGGCCCTTCAGTGGCTTTGACCCTGATGACATGGATGTGGATGAAGATGAGGACCCATTTGGTGCCTTTGGCCGCTTTGGCTTCAATGGGCTGAGTAGGGGTCCAAGGCGAGCCCCAGAGCCACTGTACCCCCGGCGCAAGGTACAGGACCCCCCTGTGGTGCACGAGCTGCGGGTGTCCCTGGAGGAGATCTACCATGGCTCCACCAAGCGGATGAAGATCACAAGGCGGCGCCTTAACCCTGACGGGCGAACTGTGCGCACCGAGGACAAAATCCTGCACATTGTCATCAAACGAGGCTGGAAAGAAGGTACCAAGATTACCTTCCCCAAAGAGGGCGACGCCACACCTGACAACATCCCAGCCGACATTGTCTTCGTGCTCAAAGACAAGCCTCATGCACACTTCCGCCGAGATGGCACCAACGTGCTCTACAGTGCCCTCATCAGCCTCAAGGAGGCGCTGTGTGGCTGCACCGTGAACATTCCCACCATTGATGGCCGAGTGATCCCTTTACCCTGCAATGATGTTATCAAGCCAGGCACCGTGAAAAGACTCCGTGGGGAGGGACTTCCCTTCCCCAAGGTGCCCACTCAGCGGGGAGACCTCATTGTTGAGTTCAAAGTTCGATTCCCAGACAGATTAACCCCACAGACACGGCAGATCCTTAAGCAGCACCTCCCCTGCTCCTAG
Eif3b_dna.fasta,0.64,54.96%,8% ,1,0,ATGCAGGACGCTGAGAACGTGGCGGTGCCCGAGGCGGCCGAGGAGCGGGCTGAGCCCGCGAGGCAGCAGCCGGCCTCCGAGTCGCCGCCGACGGACGAGGCGGCAGGGTCTGGGGGGTCCGAAGTGGGGCAGACGGAAGACGCCGAAGAAGACGCCGAGGCCGGACCGGAGCCCGAAGTGAGGGCCAAGCCGGCGGCCCAATCCGAAGAGGAAACGGCGACGAGTCCGGCCGCCTCGCCCACGCCGCAGTCGGCGGAGCGGTCCCCGTCGCAGGAGCCCTCTGCTCCCGGGAAGGCAGAGGCCGTTGGCGAGCAGGCCCGGGGGCACCCCTCGGCTGGAGCGGAGGAGGAGGGCGGGTCTGATGGGAGCGCGGCTGAGGCGGAGCCGCGGGCTCTGGAGAACGGAGAGGCAGATGAGCCCTCCTTCAGCGACCCCGAGGATTTCGTAGACGACGTGAGCGAGGAAGAACTACTTGGTGATGTACTCAAAGATCGGCCTCAGGAAGCGGACGGGATTGACTCGGTGATTGTTGTAGACAACGTCCCTCAGGTGGGGCCAGACCGACTTGAGAAACTCAAAAATGTCATCCACAAGATCTTCTCCAAGTTTGGGAAAATCATAAATGACTATTACCCTGAGGAGGACGGAAAGACGAAAGGGTACATCTTTCTGGAGTACGCTTCTCCCGCCCATGCTGTGGATGCTGTGAAAAACGCCGATGGCTACAAGCTGGACAAGCAGCACACGTTCCGGGTCAACCTCTTCACCGACTTTGACAAGTACATGACGATCAGCGATGAGTGGGACATTCCAGAGAAGCAGCCTTTCAAAGACCTGGGCAATTTGCGTTACTGGCTGGAAGAGGCAGAGTGTAGAGATCAGTACAGTGTGATTTTTGAGAGCGGAGACCGGACGTCCATCTTCTGGAATGACGTCAAGGACCCAGTCTCAATTGAAGAAAGAGCGAGATGGACAGAGACGTACGTGCGCTGGTCCCCTAAGGGTACCTACCTGGCCACTTTCCATCAGCGGGGTATCGCCCTCTGGGGAGGGGACAAGTTCAAGCAGATTCAGAGGTTCAGCCACCAAGGCGTGCAGCTCATCGACTTCTCTCCGTGTGAAAGATACTTGGTAACGTTCAGCCCTCTGATGGACACTCAGGATGACCCTCAGGCCATCATCATCTGGGACATCCTCACGGGCCATAAGAAGAGAGGTTTTCACTGCGAAAGCTCAGCCCACTGGCCCATCTTCAAGTGGAGCCATGATGGCAAATTCTTTGCAAGAATGACCCTGGATACTCTTAGCATCTATGAAACACCTTCCATGGGCCTTTTGGACAAGAAGAGTTTGAAGATCTCTGGAATTAAAGACTTTTCTTGGTCTCCGGGTGGTAACATCATTGCTTTTTGGGTGCCTGAAGACAAAGATATTCCAGCCAGGGTGACCCTGATGCAGCTCCCCACCAGACAGGAGATCCGAGTGAGGAATTTGTTCAATGTGGTTGATTGCAAGCTGCACTGGCAGAAAAATGGAGATTACCTATGTGTAAAAGTGGACAGGACTCCGAAAGGCACACAGGGAGTTGTCACAAATTTTGAAATATTCCGAATGAGGGAGAAGCAGGTACCTGTTGATGTTGTTGAGATGAAAGAAACCATCATAGCCTTTGCCTGGGAACCCAATGGCAGTAAGTTTGCCGTGCTTCATGGTGAGGCCCCTCGGATCTCTGTCTCCTTCTACCACGTGAAGAGCAACGGGAAGATTGAACTCATCAAGATGTTTGACAAGCAGCAAGCCAACACCATCTTCTGGAGTCCCCAGGGGCAGTTCGTGGTGCTGGCCGGGCTGAGGAGCATGAACGGTGCCTTGGCGTTTGTCGACACTTCAGACTGCACCGTCATGAACATTGCAGAGCACTACATGGCCTCCGATGTTGAATGGGACCCAACTGGCCGCTACGTGGTTACCTCTGTGTCGTGGTGGAGCCACAAGGTGGACAATGCTTACTGGCTGTGGACCTTCCAAGGTCGCCTTCTGCAGAAGAACAACAAGGACCGCTTCTGCCAGCTGCTCTGGAGACCAAGGCCCCCAACACTCCTCAGCCAGGATCAGATAAAGCAAATTAAAAAGGATCTGAAGAAGTACTCCAAGATCTTTGAGCAGAAGGATCGCTTGAGCCAGTCCAAAGCTTCAAAGGAACTGGTGGAAAGAAGGCGGACCATGATGGAGGACTTCCGGCAATACCGGAAAATGGCCCAGGAACTCTACATGAAGCAGAAGAACGAGCGTCTAGAGCTACGAGGAGGGGTGGACACTGACGAGCTGGACAGCAACGTGGATGACTGGGAGGAAGAGACCATTGAGTTTTTTGTCACCGAGGAAGTCATTCCTCTGGGAAGTCAGGAGTGA
Ensa_dna.fasta,0.59,52.93%,7% ,0,0,ATGTCCCAGAAACAAGAAGAAGAAAACCCTGCGGAGGAGACCGGCGAGGAGAAGCAGGATACACAGGAGAAAGAAGGGATTCTCCCTGAGAAAGCTGAGGAGGCAAAGCTAAAGGCCAAATATCCAAGCCTAGGACAAAAGCCTGGAGGCTCCGACTTCCTCATGAAGAGACTCCAGAAAGGGCAAAAGTACTTTGACTCAGGAGACTACAACATGGCCAAAGCCAAGATGAAGAACAAGCAGCTGCCAAGTGCAGGAGCAGACAAGAACCTGGTGACCGGTGACCACATCCCCACCCCACAGGACCTGCCCCAGAGAAAGTCCTCGCTCGTCACCAGCAAGCTTGCGGGGTAA
Fbxo40_dna.fasta,0.63,53.30%,12%,3,0,ATGGGTCGGGCACGCAAGCCTCCACCTGCGCTGCACAGGCACTGTGAGGGATGCTTCAACCGCCACTGCCACGTTCCGGTGGAGCCCAGCGTCTCCTGCCTGGTGATAAGCTGCCACCTGCTCTGTGGCGCCACCTTCCACATGTGCAAAGAGTCAGAGCATACACTCCTCTGCCCTCTGGAGCAGGTTCCCTGCCTCAACTCTGAGTATGGCTGCCCGCTCTCCATGGCACGCCACAAGCTGGCTAAGCACCTGCAGGTATGCCCCGCCAGCGTGGTCTGCTGCTCCATGGAATGGATCCGCTGGCCAAACGTGGACTCAGAAACATTCCTTCACGAGAACATCATGAAAGAGACCCCCAGTGAGGAGTGTTTGGACACAGCCCTGGCCCTCCAGGACCAGAAGGTACTCTTCAGATCCTTGAAAATGGTAGAGCTTTTCCCAGAAACCAGAGACGCCACGGAGGAGGAACCAGACATGAATGGTGACACCAGTTGGGAGGAGACTGGGGGCGCAGTGGGGGGAGTGGATGCCAGGCTAGCACCAAATTCTTGTTTGCCGGCAACCAGTAGGCAAATGATGGAGCTCAGTCAGGAGGAACGAGATGCACTGGCAAAAACCAAAGAAGGGATGGACCTGGACAAGTTTGGCAAGTGGGAAAGTATGTTCAGCAAGGAGCACGCAGCCTCTGTTTTAACAGGTTCCTTGGGGAAGAGTGAAGACAAGAATGGGGATGTGGCTGGGAAAGAGCAGTGCTCCAGTAATGTTCGCATAGGGGATGCAGAGGGTTCTGCCGAAAGGAGAGGACCACAGGAAAGCCAGAAGTCCCAGGAACTTCCCGCTACCATGGAGATGACAGGGCTTGCTCCCTGGCAAGATGGTGTTCTGGAAAGACTAAAAACAGCCGTGGATGCCAAAGACTATAACATGTATCTGGTGCACAACGGGCGGATGCTCATCCACTTTGGGCAGATGCCTGCTTGTACGCCCAAGGAGAGGGACTTTGTTTATGGCAACCTAGAGGCTCAAGAAGTGAAAACGGTTTATACCTTCAAGATTCCCGTGAGCTACTGCGGGAAGCGAGCTCGCTTGGGAGATGCCATGTTGAAATGCAGACCAAGTGAACACAAGGCTGTGGACACTTCTGATCTGGGCATCTCTGTGGAGGACCTGCCCAAATCTGATCTCATCAAGACCACCCTCCAGTGTGCTTTGGAAAGAGAACTCAAAGGCCATGTCATCTCTGAATCCAGGAGCATCGATGGACTCTTTATGGACCTTGCCACCCAAACATACAACTTTGAGCCAGAACAGTTTTCCTCAGAGACAGTGTTGGCTGATCTCCTAGGCACTGCCCAACCCGGGGGCCTGCACGTGGAGCTCCACAGCGAGTGTGTGACTAGAAGACACAACAAAAGCAGCTCAGCTTTTACGTTCACCTGCAACAAATTCTTCCGAAGGGATGAATTTCCCCTGCACTTCAAGAATGTCCACACTGACATCCAGTCGAGTCTCGATGGCTGGTTCCAGCATCGATGCCCCCTAGCCTACTTGGGATGTACATTTGTTCAGAACCACTTCCGCCCCCCTGGACAAAAAGCAAAAGTGATCTATAGCCAGGAGCTGAAGACCTTTGCCATCAAACCAGAGGTTGCTCCGGAGCTGAGTGAGAAATGGAAGAGCGACCATCTCTCTGGCCGTGATGGGAAAAGCCTGAATTCTCTAACCAGCCTGCCCCTGGAGGTGTTGCAATACATTGCTGGGTTTCTGGACAGCATCAGCCTGTCCCAGCTGTCCCAGGTGTCAGTACTGATGAGGAACATCTGTGCCACTTTGTTGCAAGAGAGAGGGATGGTCCTCTCGCAATGGAAGAAGAAGAGGTATTCTCACGGAGGCACCTCCTGGAAAGTCCACAATCAGATCTGGCAGTTCAGCAGCCTCTTCTCAAAAATCAACAGCTGGGAGTTTAATGACGTCACCTCCATGTCTGAGCACCTGAAAACCTGTCCTTTCAACATCGTGGAGCGGAAGACTGACCCGATTCGTTTGACCAGCATGTGCCAGCCCCAAGAGAAGGCCCGGGAGAGCTTAGTGTCCACCTTTAGGGCCCGACCACGGGGCAGACACTTTTGA
Fin14_dna.fasta,0.65,38.37%,11%,0,0,ATGTACATAACTGAACAAGGTGTCAATTCTGCTCTACAGTGCAGTTTAGTCAGTTTTAGTTGCATAGGTTTCCATTGTTTTTATAGTCTGTTTATGCTAAATCTGGCCAAAGATGAGCATTGTCCACCACTAAAATGCCTATGCCACTGGGAATTCTGGGTTAATTTTGTGACCAGAATGCAGTGA
Foxo4_dna.fasta,0.60,59.14%,12%,1,0,ATGGATCCAGAGAATAAGAAGTCAGCCACAGGGGCTGCCGCGATCCTAGACCTCGATCCCGACTTCGAACCCCAGAGCCGTCCGCGATCCTGCACCTGGCCCCTTCCTCGACCAGACCTCGCTACGGAGCCACACGAACCGTCCGAGGTGGAGCCCAGTCTGGGACAGAAGGTACCCACGGAGGGACACTCCGAACCGATCCTGTTGCCCTCTCGGCTCCCAGAGCCGGCAGGGGGCCCCCAGCCGGGAATCCTGGGGGCTGTAACAGGTCCTCGGAAGGGAGGCTCCCGCCGGAATGCCTGGGGAAATCAGTCATATGCAGAACTCATCAGCCAGGCCATTGAAAGCGCCCCGGAGAAGCGGCTGACACTCGCCCAGATCTACGAATGGATGGTCCGCACGGTGCCCTACTTCAAGGACAAGGGTGACAGCAACAGCTCGGCAGGATGGAAGAACTCCATCCGTCACAACCTGTCCTTGCACAGCAAGTTCATCAAGGTTCACAACGAGGCCACTGGCAAGAGCTCTTGGTGGATGCTGAACCCCGATGGCGGCAAGGGTGGCAAGGCACCCCGCCGCAGGGCTGCCTCCATGGATAGCAGCAGCAAGCTGCTCCGGGGCCGCAGCAAAGGCCCCAAGAAGAAGCCGTCTGTCCTGCCAGCTCCACCGGAAGGTGCCACGCCAAGGAGCCCTCTGGGCCACTTTGCCAAGTGGTCAAGCAGCCCTTGTCCTCGAAATCGAGAAGAAGCTGATGTGTGGACCACTTTCCGTCCACGAAGCAGTTCAAATGCTAGCACCGTCAGCACCCGGCTGTCGCCAATGAGGCCGGAGTCTGAAGTGCTAGCAGAAGAGGAAATGCCAGCCTCGGCCAGCAGCTATGCAGGGGGGGTCCCTCCCACGCTCAGTGAAGATCTAGAGCTACTGGATGGGCTCAATCTCGCATCTCCCCATTCCTTGCTCTCTAGGAGCGGTCTCTCCGGCTTCTCTTTGCAGCATCCTGGGCTTGCTGGCCCCTTACATAGCTATGGTGCCTCCCTCTTTGGCCCAATAGATGGGTCTTTGTCAGCAGGAGAAGGGTGCTTCTCAAGTTCCCAGTCTCTAGAGGCTCTGCTCACCTCTGATACACCACCACCTCCTGCTGATGTCCTCATGACCCAGGTAGATCCTATCCTGTCTCAGGCTCCTACACTTCTGTTACTGGGAGGAATGCCTTCCTCTAGCAAGCTGGGCACAGGAGTCAGCCTGTGTCCTACGCCGCTAGAGGGTCCTGGTCCCAGCAACCTGGTCCCCAACCTTTCTGTGATGGCACCACCCCCAGTCATGGCAGGCGCTCCCATCCCTAAGGTCCTGGGAACCCCTGTGCTCGCATCTCCTACTGAAGATTCCAGCCATGACAGAATGCCTCAGGATCTGGATCTTGATATGTATATGGAGAACCTGGAGTGCGACATGGATAACATCATCAGTGACCTCATGGATGGTGAGGGACTGGACTTCAACTTTGAGCCAGATCCCTGA
Hrc_dna.fasta,0.63,53.28%,8% ,2,13,ATGGGCTTCCAGGGGCCATGGTTGCACACTTGTCTCCTTTGGGCCACAGTGGCCATCCTGCTGGTCCCTCCAGTGGTGACCCAGGAGTTGAGAGGGGCCGGTCTGGGCCTGGGCAACTGGAACAACAATGCAGGCATCCCTGGGTCCTCAGAGGACCTATCAACTGAGTTTGGTCACCACATCCACCGGGGATATCAAGGTGAGAAGGACAGAGGCCACAGAGAAGAGGGTGAAGACTTCTCCAGGGAATATGGCCACAGGGTCCAAGACCACAGGTACCCTGGCCGCGAGGTTGGAGAGGAGAATGTCTCTGAAGAGGTCTTCAGAGGGCATGTTAGACAGCTCCACGGGCACCGGGAACATGACAATGAAGATTTAGGAGACTCGGCAGAGAACCACCTCCCCAGACAGAGGAGCCACAGCCACGAAGATGAGGATGGCATTGTCTCCAGTGAGTATCACCGTCACGTCCCCAGGCATGCCCACCATGGCCACGGAGAGGAAGATGATGACGATGATGGAGGAGAGGAGGAGGAGAGGGTGGATGTGATGGAGGACTCTGATGATAATGAACACCAGGTCCATGGTCACCAGAGCCACTCAAAGGAGAGAGATGAACTCCATCATGCCCACAGCCACAGGCACCAAGGCCACAGTGATGATGACGATGACGATGGTGTCTCTACTGAGCATGGACACCAAGCTCACAGATATCAGGATCATGAGGAGGAAGACGATGGGGACTCAGATGAAGACAGTCACACCCACAGAGTTCAAGGCCGAGAAGATGAAAATGATGATGAAGACGGTGACTCTGGTGAATACAGACACCATACCCAGGACCACCAAGGCCACAACGAAGAGCAAGATGACGATGATGATGATGATGATGATGATGAAGATAAAGAAGACTCCACTGAGCACCGGCACCAGACCCAAGGCCACAGGAAGGAAGAAGATGAGGATGAGTCAGATGAAGATGATCATCATGTCTCCAGGCATGGACGCCAAGGCTATGAAGAAGAAGAAGATGATGATGATGATGATGGAGATGATGACTCTACTGAGCATGTGCATCAAGCCCACAGACACAGAGACCATGAGCACAAAGATGATGAGGATGACTCAGAAGAAGACTACCATCATGTCCCCAGCCATGGCCGCCAAAGCCACCAAAATGAGGAAGAGGAAGATGAGGCTGTATCCACTGAACACTGGCACCAGTCTCCTAGACATGCTCACCATGATCTTGGACGTGAGAGTGAAGAAGAGGTAGCAGTCAAGTACAGCCACCATGTTGCAAGCCACCGTCCCCAAGGCCACAATGCTGACAGGGAGGAGGACTCTCTAGAAGAACACATGAATGAAGTCCCAGGCCATCACCACCACAGAGCCTCCAGGGGTGATGATGAGGACATTTCTACTGAGTTTGGCCACAAGGCCCCCAGCCACAGGCTACAAGATCAAGATGAAAGGGCGAGGCAGGGTCACAGAGAGCCTGTTCAGGGAGAGATTGCTCATCAGCCCCTGCAACCCACAGGACCCAGTTCAAGAGAATCAAGGAAGGAAGGTGACCACAGCTCTCAAGAGGGAGATGAAGACCCAGAGCAGAGGCAAGCCCATAGTGAGGAGGAGAAGGAGGAGGAGGAGGAGGAGGAGGAGGAGGAGGAGGAGGAGAAAGAGGGGGGCCATAGCCTCCCCATGAGCCAGGAAGATGATGAAGAGGAAGAAAAAGATGAGAAAGAAAGCAAGGTAGACAGGGCTGCAGTTTCAGCTCCACTGAGCCATCATAGGAAGCAGGGGGAGGAAGAGGAGGAGGAAGAGGAGGAGGAAGAGGAGGAGATCCTGGAGGAAAACCTACTACCTTTCACCATTATCCCAAACCCACTCGCTGGGAGAGAGGTGGCCAGAGAAGGTTCCAGTGAAGAGGAGAGCCGTGAGGTCACAGGTCAGCAGGATGCCCAGGAGTACGAAAATTACCAGCCAGGGTCTTTGTGTGGCTACTGTTCTTTCTGCAACCGATGTACCGAATGTGAAAGCTGTCACTGTGATGAGGAGAACATGGGGGAACACTGTGACCAGTGTCAGCACTGTCAATTCTGCTACCTCTGTCCGCTGGTGTGTGACACGCTCTGCACTCCAGGAAGCTACGTTGACTATTTCTCCTCCTCTCTGTATCAAGCCCTGGCTGACATGTTGGAGACTCCAGAGCCCTGA
Idh2_dna.fasta,0.66,55.79%,6% ,2,0,ATGGCCGGCTACCTGCGGGCTGTGAGCTCGCTCTGCAGAGCCTCGGGCTCAGCGCGGACCTGGGCACCGGCAGCACTGACTGTCCCCAGCTGGCCGGAGCAGCCGCGGCGCCACTATGCTGAGAAGAGGATCAAGGTGGAGAAGCCGGTAGTGGAGATGGACGGTGACGAGATGACCCGGATCATCTGGCAGTTCATCAAGGAGAAGCTCATCCTGCCTCACGTGGATGTTCAGCTCAAGTATTTTGACCTTGGGCTTCCAAACCGTGACCAGACCAATGACCAGGTCACCATTGACTCTGCTCTGGCCACCCAGAAGTACAGTGTGGCTGTCAAGTGTGCCACAATCACCCCTGATGAGGCCCGTGTGGAAGAGTTCAAGCTGAAGAAAATGTGGAAGAGCCCTAACGGAACGATCCGGAACATCCTTGGGGGAACCGTCTTCAGAGAGCCAATCATCTGCAAAAACATCCCCCGCCTTGTCCCTGGCTGGACCAAGCCCATCACCATTGGCAGGCACGCCCATGGCGACCAGTACAAGGCCACAGATTTTGTGGTAGATCGAGCTGGCACGTTCAAGTTGGTCTTCACCCCAAAGGATGGCAGCAGTGCCAAGGAGTGGGAGGTGTATAACTTCCCTGCCGGAGGCGTTGGGATGGGGATGTACAACACCGACGAGTCCATTTCGGGCTTCGCGCACAGCTGCTTCCAGTACTCTATCCAGAAGAAATGGCCGCTCTACTTGAGCACCAAGAACACCATTCTGAAGGCCTATGACGGGCGTTTCAAGGACATCTTCCAGGAGATCTTTGACAAGCACTATAAGACTGACTTCGACAAGAATAAGATCTGGTATGAACATCGGCTCATCGACGACATGGTGGCCCAGGTGCTCAAGTCTTCCGGTGGCTTTGTGTGGGCTTGCAAAAACTATGATGGAGACGTGCAGTCTGACATCCTGGCTCAAGGCTTTGGCTCCCTCGGCCTGATGACATCTGTGCTGGTCTGCCCTGATGGGAAGACAATTGAGGCTGAGGCTGCTCATGGGACAGTCACCCGCCATTACCGAGAACACCAGAAGGGCCGGCCCACCAGTACCAACCCTATTGCCAGCATCTTTGCCTGGACACGGGGTCTGGAGCATCGTGGGAAGCTGGATGGGAACCAGGACCTTATCAGGTTTGCACAGACGCTGGAGAAGGTGTGCGTGCAGACTGTGGAGAGCGGAGCGATGACCAAGGACCTGGCTGGCTGTATCCATGGCCTCAGCAATGTGAAGCTGAACGAGCACTTCCTGAACACCACAGACTTCCTGGACACCATTAAGAGCAACCTGGACAGAGCTCTGGGCAAGCAGTAG
Ipo13_dna.fasta,0.65,56.28%,10%,3,0,ATGGAGCGGCGGGAGGAGCAGCTGGGGGCTGCAGGGGCTGGAGCAGCACCAGCCTTGGACTTCACTGTGGAGAACGTGGAGAAGGCGCTGCACCAGCTCTACTACGACCCCAATATTGACAACAAGAACCTGGCTCAGAAGTGGCTGATGCAGGCCCAGGTCTCTCCACAGGCCTGGCACTTCAGCTGGCAGCTACTACAGCCAGACAAGGTGCCCGAGATCCAGTACTTTGGGGCCAGTGCCCTGCACATCAAGATCTCTCGCTACTGGAGCGACATCCCCACCGACCAGTATGAAAGCTTAAAGGCACAGCTCTTCACCCAGATCACCCGCTTTGCCAGCGGCTCCAAAATTGTGCTGACTCGGCTGTGCGTGGCGCTGGCCTCACTAGCTCTCAGCATGATGCCTGACGCTTGGCCATGTGCTGTGGCAGATATGGTTCGGCTCTTCCAGGCTGAGGACTCGCCGGTGGATAGCCAGGGCCGTTGCCTGGCCCTGCTAGAGTTGCTGACAGTACTGCCCGAGGAGTTTCAGACCAGCCGCTTGCCCCAGTACCGCAAAGGTCTGGTGCGGACCAGCCTGGCTGTGGAGTGTGGGACTGTCTTCCCATTGCTGGAGCAACTGCTACAACAGCCCAGCTCTCCTAGCTGTGTGCGTCAGAAGGTGCTCAAGTGCTTCTCCAGTTGGGTGCAGCTGGAGGTACCCCTGCAGGACTGTGAGGCGCTCATTCAGGCTGCCTTCGCCGCTCTGCAGGACTCAGAGCTCTTTGACAGCAGCGTGGAGGCCATTGTCAATGCCATCTCCCAACCTGATGCCCAAAGGTACGTGAACACACTCCTGAAACTCATTCCTCTGGTGCTGGGACTGCAGGAACAACTGCGGCAGGCAGTGCAGAATGGGGACATGGAGACCTCCCATGGCATCTGCCGTATTGCTGTGGCCCTGGGCGAGAACCACTCTCGGGCCTTGCTAGACCAAGTAGAGCACTGGCAGAGCTTCCTGGCACTCGTCAACATGATCATGTTCTGCACTGGCATCCCTGGCCACTATCCTGTCAACGAGACCACCAGCTCCCTCACTCTCACTTTCTGGTACACACTGCAGGATGACATTCTGTCCTTTGAGGCAGAGAAGCAGGCTGTGTACCAGCAGGTGTACCGGCCAGTCTACTTCCAGCTGGTGGACGTGCTTCTGCACAAGGCCCAGTTCCCTTCTGACGAGGAGTATGGATTCTGGTCCTCAGACGAAAAGGAGCAGTTCCGTATCTACAGGGTGGACATCTCAGACACACTCATGTATGTCTATGAGATGCTGGGGGCTGAGCTGCTTAGCAACCTCTATGACAAGCTGGGCCGTTTGCTCACCAGCTCAGAGGAGCCCTACTCCTGGCAGCACACAGAAGCCCTGCTCTATGGCTTCCAGTCCATTGCAGAGACCATCGATGTCAACTACTCTGATGTGGTACCAGGGCTCATTGGCCTCATCCCACGGATCAGCATCAGCAACGTGCAGTTGGCGGATACTGTCATGTTCACCATTGGAGCTCTGTCTGAATGGCTGGCTGACCACCCCGTCATGATCAACAGCGTTCTGCCCCTTGTGCTGCATGCCCTAGGCAATCCTGAGCTGTCTGTGTCATCTGTGTCGACCCTCAAAAAGATCTGCCGAGAGTGCAAGTATGACCTGCCGCCCTATGCTGCCAACATTGTAGCTGTCTCCCAGGATGTGCTGATGAAGCAGATTCACAAGACAAGCCAGTGCATGTGGCTGATGCAGGCCCTGGGCTTCCTGCTGTCAGCCCTGCAGGTGGAGGAGATCCTGAAGAACCTGCACTCCCTCATCTCTCCCTACATCCAACAGCTGGAGAAGCTGGCAGAAGAGATACCTAATCCCTCTAACAAGCTGGCCATTGTCCACATCTTGGGGCTTCTTTCCAACCTCTTTACCACACTGGACGTCAGTCATCATGAGGATGATCATGAAGGCCCTGAACTCCGGAAGTTGCCAGTGCCACAAGGACCCAACCCGGTGGTGGTTGTGCTGCAGCAGGTCTTCCAGCTCATCCAGAAGGTGCTGAGCAAGTGGCTGAATGACGCCCAGGTGGTTGAGGCGGTATGCGCCATCTTTGAGAAGTCTGTTAAGACACTGCTGGATGACTTTGCCCCCATGGTGCCGCAGCTCTGTGAGATGCTGGGTCGGATGTACAGTACTGTTCCCCAGGCCTCTGCTCTTGACCTCACCCGGCAGCTGGTCCACATCTTTGCCCACGAGCCTGCCCACTTTCCCCCAATAGAGGCCCTCTTCCTGCTGGTGACTTCCGTCACACTCAGTCTCTTCCAGCAAGGGCCCAGGGATCATCCTGATATTGTTGATTCATTTATGCAACTCCTGGCACAGGCTTTGAAGCGGAAGCCAGATTTGTTCCTGTGTGAGCGACTGGATGTCAAAGCTGTGTTCCAGTGTGCCGTGCTGGCCCTCAAGTTCCCTGAGGCACCTACTGTCAAGGCCTCCTGTGGCTTCTTTACTGAGCTGCTGCCTCGATGTGGGGAAATAGAGTCTGTGGGGAAAGTGGTACAGGAAGATGGCCGTATGCTGCTCATAGCAGTGCTGGAGGCCATCGGGGGCCAGGCCTCCCGTAGCCTCATGGACTGTTTTGCCGACATCCTGTTCGCCCTGAACAAACACTGCTTCAGCCTCCTGAGCATGTGGATCAAGGAGGCTCTGCAGCCACCTGGTTTTCCATCTGCCCGTCTCAGCCCTGAGCAGAAGGACACCTTTAGCCAGCAGATACTTCGTGAGCGAGTAAACAAGAGACGGGTGAAGGAGATGGTGAAGGAATTTACACTGCTCTGCCGGGGGCTACATGGCACGGACTACACAGCTGACTACTGA
Itgb1bp2_dna.fasta,0.61,51.58%,8% ,0,0,ATGTCTCTGCTCTGCTATAACAAAGGCTGTGGGCAACACTTTGACCCCAATACCAATCTCCCTGATTCCTGTCGCTATCACCCTGGGGTGCCAATCTTTCATGATGCACTTAAGGGTTGGTCCTGCTGCCGAAAGCGAACTGTAGATTTCTCTGAGTTCTTAAACATCAAGGGCTGTACTGTGGGACTACACTGTGCAGAGAAGCTGCCTGAGGTCCCTCCTCAGCCTGAGGGCCCTGCCACAAGTTCACTTCAGGAGCAAAAACCTCTAAATACAATTCCAAAGTCAGCAGAGACCTTGTTCCGAGAAAGGCCTAAGTCTGAGATGCCTCCCAAACTGCTACCACTTCTTATATCTCAAGCCCTGGGAGTGGCTTTGGAACAGAAGGAACTAGACCAGGAACCGGGAGCAGGACTTGACAATAGTCTGATCTGGACTGGTTCCAGCTGCCAGAACCCAGGATGTGATGCTGTTTACCAAGGTCCTGAGAGTGATGCTACTCCGTGTACCTATCACCCAGGGGCACCTCGGTTTCATGAGGGGATGAAGTCTTGGAGCTGTTGTGGTATCCAGACTCTGGATTTTGGGGCATTCCTGGCACAGCCAGGATGTAGAGTTGGTAGACATGATTGGGCAAAGCAGCTGCCAGCATCTTGCCGCCATGATTGGCACCAGACAGACTCTGTAGTAGTGCTGACGGTCTATGGCCAGATTCCGCTTCCTGCATTCAACTGGGTGAAGGCCAGTCAAACTGAGCTTCATGTCCACATTGTCTTTGATGGTAACCGTGTGTTCCAAGCACAGATGAAGCTCTGGGGGGTCATAAACGTGGAGCAGAGCTCTGTCTCTTTGATGCCATCACGGGTTGAAATCTCCCTGGTCAAGGCTGACCCAGGATCCTGGGCCCAGCTGGAGCACCCTGATTCACTAGCTGAGAAGGCTAGGGCAGGGGTTTTACTAGAGATGGATGAGGAAGAATCTGAGGATTCAGATGATGACCTGAGCTGGACAGAGGAGGAAGATGAAGAGGAGGAAGAAGCTATGGGGGAATAG
Jak1_dna.fasta,0.63,47.90%,11%,5,0,ATGCAGTATCTAAATATAAAAGAGGACTGCAATGCCATGGCGTTCTGTGCTAAAATGAGGAGCTTCAAGAAGACTGAGGTGAAGCAGGTGGTCCCTGAGCCTGGAGTGGAGGTGACTTTCTATCTGTTGGACAGGGAGCCCCTCCGCCTGGGCAGCGGAGAGTATACAGCCGAGGAGCTGTGCATCAGGGCCGCCCAGGAGTGCAGTATCTCTCCTCTCTGTCACAACCTCTTCGCCCTGTACGATGAGAGCACCAAGCTCTGGTACGCTCCGAACCGAATCATCACTGTGGATGACAAAACGTCTCTCCGGCTCCACTACCGCATGAGGTTCTACTTTACCAACTGGCACGGAACCAATGACAACGAACAGTCTGTATGGCGACATTCTCCAAAGAAGCAGAAAAACGGCTATGAGAAGAAAAGGGTTCCAGAAGCAACCCCACTCCTTGATGCCAGTTCACTGGAGTATCTGTTTGCACAGGGACAGTATGATTTGATCAAATGCCTGGCTCCCATTCGGGACCCCAAGACGGAGCAAGACGGACATGATATTGAAAATGAGTGCCTGGGCATGGCGGTCCTGGCCATCTCCCACTATGCCATGATGAAGAAGATGCAGTTGCCGGAACTTCCCAAAGACATCAGCTACAAGCGATATATTCCAGAAACATTGAATAAATCCATCAGACAGAGGAACCTTCTTACCAGGATGCGAATAAATAATGTTTTCAAGGATTTCTTGAAGGAATTTAACAACAAGACCATCTGTGACAGCAGTGTGTCTACACATGACCTGAAGGTGAAATACCTGGCTACCTTGGAAACTTTGACAAAACATTATGGAGCTGAAATATTTGAGACTTCTATGCTACTGATTTCATCAGAAAATGAATTGAGTCGATGCCATTCGAATGACAGTGGCAATGTTCTCTATGAGGTCATGGTGACTGGAAATCTCGGGATCCAGTGGCGGCAGAAACCAAATGTTGTTCCTGTTGAAAAGGAAAAAAATAAACTGAAGCGGAAAAAACTGGAATATAATAAACACAAGAAGGATGATGAGAGAAACAAACTCCGGGAAGAGTGGAACAATTTTTCCTATTTCCCTGAAATCACCCACATTGTAATAAAGGAGTCTGTGGTCAGCATTAACAAACAGGACAACAAAAACATGGAACTCAAGCTCTCTTCTCGAGAGGAAGCCTTGTCCTTTGTGTCCCTGGTGGATGGCTACTTCCGGCTCACTGCAGATGCCCACCATTACCTCTGTACTGATGTGGCTCCCCCACTGATTGTCCACAATATACAGAACGGCTGCCACGGTCCAATCTGCACAGAATATGCCATCAATAAGCTGCGGCAGGAAGGGAGTGAAGAGGGGATGTACGTGCTGAGGTGGAGCTGCACCGACTTTGACAACATTCTTATGACTGTCACCTGCTTTGAAAAGTCTGAGGTATTGGGTGGCCAGAAGCAGTTCAAGAACTTTCAGATTGAGGTACAGAAGGGCCGCTACAGCCTGCATGGCTCTATGGACCACTTTCCCAGCCTGCGAGACCTCATGAACCACCTCAAGAAGCAGATCCTGCGCACGGACAACATAAGCTTTGTGCTGAAACGATGCTGTCAGCCTAAGCCTCGAGAAATCTCCAATCTGCTCGTAGCCACTAAGAAAGCCCAGGAGTGGCAGCCTGTCTACTCCATGAGCCAGCTGAGCTTTGATCGGATCCTTAAGAAAGATATTATACAAGGTGAGCACCTTGGCAGAGGCACAAGAACACATATCTATTCTGGGACCCTGCTGGACTACAAGGATGAGGAAGGAATTGCTGAAGAGAAGAAGATAAAAGTGATCCTCAAAGTCCTAGACCCCAGCCACCGGGACATCTCTCTGGCCTTCTTTGAGGCTGCTAGCATGATGAGACAGGTTTCCCACAAACATATAGTGTACCTCTACGGCGTGTGTGTCCGAGATGTGGAAAATATCATGGTGGAAGAGTTTGTGGAGGGGGGGCCGTTGGATCTCTTCATGCACCGGAAAAGTGATGCGCTTACTACCCCCTGGAAGTTCAAGGTTGCCAAACAGCTGGCCAGTGCCCTGAGTTACTTGGAAGATAAAGACCTGGTTCATGGAAATGTGTGCACTAAAAACCTCCTTCTGGCCCGTGAGGGCATTGACAGTGACATTGGCCCGTTCATCAAGCTTAGTGACCCTGGCATCCCAGTCTCTGTGCTGACCAGGCAAGATCCAGACATTGTTTCAGAAAAGCAGCCAACAACAGAGGTGGACCCCACTCACTTTGAAAAGCGGTTCCTGAAGAGGATTCGTGACTTGGGAGAGGGTCACTTTGGGAAGGTTGAGCTCTGCAGATATGATCCTGAGGGAGACAACACAGGGGAGCAGGTAGCTGTCAAGTCCCTGAAGCCTGAGAGTGGAGGTAACCACATAGCTGATCTGAAGAAGGAGATAGAGATCTTACGGAACCTCTACCATGAGAACATTGTGAAGTACAAAGGAATCTGCATGGAAGACGGAGGCAATGGTATCAAGCTCATCATGGAGTTTCTGCCTTCGGGAAGCCTAAAGGAGTATCTGCCAAAGAATAAGAACAAAATCAACCTCAAACAGCAGCTAAAATATGCCATCCAGATTTGTAAGGGGATGGACTACTTGGGTTCTCGGCAATACGTTCACCGGGACTTAGCAGCAAGAAATGTCCTTGTTGAGAGTGAGCATCAAGTGAAGATCGGAGACTTTGGTTTAACCAAAGCAATTGAAACCGATAAGGAGTACTACACAGTCAAGGACGACCGGGACAGCCCAGTGTTCTGGTACGCTCCGGAATGTTTAATCCAGTGTAAATTTTATATCGCCTCTGATGTCTGGTCTTTTGGAGTGACACTGCACGAGCTGCTCACTTACTGTGACTCAGATTTTAGTCCCATGGCCTTGTTCCTGAAAATGATAGGCCCAACTCATGGCCAGATGACAGTGACACGGCTTGTGAATACTCTGAAAGAAGGAAAGCGTCTGCCATGTCCACCCAACTGTCCTGATGAGGTTTATCAGCTTATGAGAAAATGCTGGGAATTCCAACCATCTAACCGGACAACTTTTCAGAACCTTATTGAAGGATTTGAAGCACTTTTAAAATAA
Jsrp1_dna.fasta,0.54,65.41%,15%,3,1,ATGACTACCAGAGGCCTGGAGGACCTGGATGGGGGCCTGGGCAGCTGCCTCCCCAGTGATGACCTCCCATTTCTGGAGGAACCAGCCTCAGGCCGGCGGCCAGAGAGCAAGGCTCGAGGGACATCCAGGCGGGCCGACTCCAGTGACTGGACCCATGTCCTTCAGGACCCAGTTGCTGCTGGCGCTGGGGATGCCGGGCTCAAGAAGATGGAAAAAGAGCTAGCGGGCAAGGAGAGCACAGCTGGCAAAGCGGGAACAAGCCCCCGGATCGTTCCTGCACGTAGGAAGCCGCAGGCTCCGCCTCCCCTGCAGCCGCCCCCGCCTCCCCTGCAGCCGCCCCCAAGGACGCCAAGCGATGACCTGCCCTGGGGAGATCTGACGCTCAACAAGTGCCTGGTACTGGCCTCGCTGGTGGCCCTGCTGGGCTCGGCTCTTCAGCTGTGTCGGGACGCAGTGGCTGGGGAGGTCGTGGCTGCCCCTCACCCATGGGTCCCGCCCAGCTCTCCACCAAAGAAGGAAGCGTCGCCAGCGCCTAAGCCTCCGGTTTTGGTGTCTCCATCCGGGTCTCCTCAGCCGAAGCCTGGGCCACCCCAGGCACGGATGCAGGATGAGCCTGAGCTTCCCGGGAGCCCTGAAGCTACAGAAACCCGGGTAGAACGTGGAGGGTCCATCTCGGAAGCCTCTGGGGAGGAGAGCGTACCCCTTGGGGACCGAGGGTCCCAGGAGAAGCCACGGAAAGAGAAGCCAAGTAAAGGGGAGAAACTGAAGAAGGAGAAGCCGAGAAGGGAGAAGCCGAGGAGAGAGGATAAGTCACAGGTCACTGGGGAGCCCCGTCAATCACTGCCACGGCGCTGGGAGGCGCGGGAAGGAGGCCGTCGGCCATGGGGACGGGACTCCAGGGACCTCCTCGAGCATGGGAAGCTGCAGGCCTGGGCTCCCCGGCGAAGGCATGACCGTGATGACCGGCCCAGACAGAAGCGAGGGAAGGGGCGTGACTGA
Kpna3_dna.fasta,0.60,42.50%,15%,1,0,ATGGCCGAGAACCCCGGCTTGGAGAACCACCGCATCAAGAGCTTCAAGAACAAGGGCCGCGATGTGGAGACGATGCGAAGACACAGAAATGAAGTGACAGTTGAACTCCGGAAGAACAAAAGAGACGAACACTTACTGAAAAAGAGAAATGTTCCCCAAGAAGAAAGCTTAGAAGATTCAGATGTTGATGCTGATTTTAAAGCACAAAATGTAACACTAGAAGCTATATTACAGAATGCCACAAGTGATAATCCTGTAGTCCAGTTGAGTGCTGTGCAGGCAGCAAGGAAACTATTATCCAGTGACAGAAATCCACCAATTGATGACCTAATAAAATCTGGGATTTTACCAATTCTAGTCAAATGTCTAGAAAGAGATGATAATCCTTCATTACAGTTTGAAGCTGCTTGGGCACTAACTAATATAGCATCGGGAACTTCTGCACAGACTCAAGCTGTTGTACAGTCTAATGCAGTACCACTTTTTCTGCGACTCCTCCATTCCCCACATCAGAATGTTTGTGAACAAGCGGTGTGGGCTTTGGGAAACATTATAGGTGATGGTCCTCAATGTAGAGATTATGTCATATCACTGGGAGTTGTCAAACCTCTTCTGTCCTTCATCAATCCCTCCATTCCCATCACCTTCCTTCGGAACGTCACATGGGTCATTGTCAATCTCTGCAGGAATAAAGACCCCCCACCGCCTATGGAGACAGTTCAGGAGATTTTGCCAGCTTTGTGTGTGCTCATCTACCATACGGACATAAATATTCTTGTAGACACTGTTTGGGCGCTGTCATACTTGACAGACGGGGGAAATGAGCAAATACAGATGGTTATTGATTCAGGGGTTGTACCCTTCCTCGTACCCCTTCTGAGCCACCAGGAAGTCAAAGTTCAAACTGCAGCACTCAGAGCGGTTGGGAACATAGTGACTGGCACTGATGAGCAGACCCAGGTGGTTCTCAACTGTGATGTCCTGTCCCACTTCCCAAACCTCTTGTCACACCCAAAAGAGAAAATAAATAAGGAAGCAGTATGGTTCCTTTCCAATATAACAGCAGGCAATCAGCAGCAAGTTCAAGCTGTAATAGATGCTGGGTTAATCCCTATGATTATTCATCAGCTCGCTAAGGGGGACTTTGGAACACAAAAGGAAGCTGCTTGGGCAATTAGCAACTTAACGATAAGTGGCAGAAAAGATCAAGTTGAATACCTTGTACAGCAGAACGTAATACCACCATTCTGTAACTTACTGTCAGTAAAAGATTCTCAAGTGGTGCAGGTGGTTCTAGATGGTCTTAAAAACATCCTGATAATGGCTGGTGATGAAGCAAGCACAATAGCTGAGATCATAGAAGAGTGTGGAGGTTTGGAGAAAATTGAAGTTTTGCAGCAACATGAAAATGAAGACATATATAAATTAGCATTTGAAATCATAGATCAATATTTCTCTGGTGATGATATTGATGAAGATCCTAGCCTCATTCCAGAAGCAACACAAGGAGGTACTTACAATTTTGACCCAACAGCCAACCTTCAAACAAAAGAATTTAATTTCTAA
Lamp1_dna.fasta,0.66,49.54%,8% ,1,0,ATGGCGGCCCCCGGCGCCCGGCGGCCGCTGCTCCTGCTGCTGCTGGCAGCAGGCCTTGCACATGGCGCCTCAGCACTCTTTGAGGTGAAAAACAATGGCACAACGTGTATAATGGCCAGCTTCTCTGCCTCCTTTCTGACCACCTACGAGACTGCGAATGGTTCTCAGATCGTGAACATTTCCCTGCCAGCCTCTGCAGAAGTACTGAAAAATGGCAGTTCTTGTGGTAAAGAAAATGTTTCTGACCCCAGCCTCACAATTACTTTTGGAAGAGGATATTTACTGACACTCAACTTCACAAAAAATACAACACGTTACAGTGTCCAGCATATGTATTTTACATATAACTTGTCAGATACAGAACATTTTCCCAATGCCATCAGCAAAGAGATCTACACCATGGATTCCACAACTGACATCAAGGCAGACATCAACAAAGCATACCGGTGTGTCAGTGATATCCGGGTCTACATGAAGAATGTGACCGTTGTGCTCCGGGATGCCACTATCCAGGCCTACCTGTCGAGTGGCAACTTCAGCAAGGAAGAGACACACTGCACACAGGATGGACCTTCCCCAACCACTGGGCCACCCAGCCCCTCACCACCACTTGTGCCCACAAACCCCACTGTATCCAAGTACAATGTTACTGGTAACAACGGAACCTGCCTGCTGGCCTCTATGGCACTGCAACTGAATATCACCTACCTGAAAAAGGACAACAAGACGGTGACCAGAGCGTTCAACATCAGCCCAAATGACACATCTAGTGGGAGTTGCGGTATCAACTTGGTGACCCTGAAAGTGGAGAACAAGAACAGAGCCCTGGAATTGCAGTTTGGGATGAATGCCAGCTCTAGCCTGTTTTTCCTGCAAGGAGTGCGCTTGAATATGACTCTTCCTGATGCCCTAGTGCCCACATTCAGCATCTCCAACCATTCACTGAAAGCTCTTCAGGCCACTGTGGGAAACTCATACAAGTGCAACACTGAGGAACACATCTTTGTCAGCAAGATGCTCTCCCTCAATGTCTTCAGTGTGCAGGTCCAGGCTTTCAAGGTGGACAGTGACAGGTTTGGGTCTGTGGAAGAGTGTGTTCAGGATGGTAACAACATGTTGATCCCCATTGCTGTGGGCGGTGCCCTGGCAGGGCTGGTCCTCATCGTCCTCATTGCCTACCTCATTGGCAGGAAGAGGAGTCACGCCGGCTATCAGACCATCTAG
Lpl_dna.fasta,0.63,50.74%,9% ,0,0,ATGGAGAGCAAAGCCCTGCTCCTGGTGGTCCTGGGAGTTTGGCTCCAGAGTTTGACCGCCTTCCGAGGAGGGGTGGCCGCAGCAGACGCGGGAAGAGATTTCTCAGACATCGAAAGCAAATTTGCCCTAAGGACCCCTGAAGACACAGCTGAGGACACTTGTCATCTCATTCCTGGATTAGCAGACTCTGTGTCTAACTGCCACTTCAACCACAGCAGCAAGACCTTCGTGGTGATCCATGGATGGACGGTAACGGGAATGTATGAGAGTTGGGTGCCCAAACTTGTGGCCGCCCTGTACAAGAGAGAACCTGACTCCAATGTCATTGTAGTAGACTGGTTGTATCGGGCCCAGCAACATTATCCAGTGTCAGCTGGCTACACCAAGCTGGTGGGAAATGATGTGGCCAGATTCATCAACTGGATGGAGGAGGAGTTTAACTACCCCCTAGACAACGTCCACCTCTTAGGGTACAGCCTTGGAGCCCATGCTGCTGGCGTAGCAGGAAGTCTGACCAATAAGAAGGTCAATAGAATTACTGGTTTGGATCCAGCTGGGCCTAACTTTGAGTATGCAGAAGCCCCCAGTCGCCTTTCTCCTGATGACGCTGATTTTGTAGATGTCTTACACACATTTACCAGGGGGTCACCTGGTCGAAGTATTGGAATCCAGAAACCAGTAGGGCATGTTGACATTTATCCCAATGGAGGCACTTTCCAGCCAGGATGCAACATTGGAGAAGCCATCCGTGTGATTGCAGAGAGAGGACTCGGAGACGTGGACCAGCTGGTGAAGTGCTCGCACGAGCGCTCCATTCATCTCTTCATTGACTCCCTGCTGAATGAAGAAAACCCCAGCAAGGCATACAGGTGCAACTCCAAGGAAGCCTTTGAGAAAGGGCTCTGCCTGAGTTGTAGAAAGAATCGCTGTAACAATCTGGGCTATGAGATCAACAAGGTCAGAGCCAAGAGAAGCAGCAAGATGTACCTGAAGACTCGCTCTCAGATGCCCTACAAAGTGTTCCATTACCAAGTCAAGATTCACTTTTCTGGGACTGAGGATGGCAAGCAACACAACCAGGCCTTCGAGATTTCTCTGTACGGCACAGTGGCCGAGAGCGAGAACATTCCCTTCACCCTGCCCGAGGTTTCCACAAATAAAACCTACTCCTTCTTGATTTACACGGAGGTGGACATCGGAGAACTGCTCATGATGAAGCTTAAGTGGATAAGCGACTCCTACTTCAGCTGGCCTGACTGGTGGAGCAGCCCCAGCTTCGTCATCGAGAGGATCCGAGTGAAAGCCGGAGAGACTCAGAAAAAGGTCATCTTCTGTGCTAGGGAGAAAGTTTCTCATCTGCAGAAGGGAAAGGACTCAGCAGTGTTTGTGAAATGCCATGACAAGTCTCTGAAGAAGTCTGGCTGA
Lrrc20_dna.fasta,0.61,55.65%,13%,0,0,ATGCTGAGGAAGATGGGGGAGGCCGTGGCCAGAGTTGCGAGGAAGGTCAATGAGACTGTGGAAAGCGGCTCAGATACCCTGGACCTGGCCGACTGCAAGCTTGTTTCTTTCCCCATCTGCATCTACAAGGTCCTGAGGAACGTCTCTGATCAGATCCATCTCATCACGCTGGCTAACAATGAACTCAAGTCCCTCACCAGCAAGTTCATGACCACCTTCAATCAGCTTCGAGAGCTACGCCTGGAGGGCAACTACCTCTTTCGACTCCCCAATGAGGTCAGCAGCCTGCAGCACCTCAGGGCCATTGACCTGTCCCGGAACCAGTTTCAAGACTTCCCAGAGCAGCTGACCACCTTGCCTGCACTGGAGACTATCAACCTGGAGGAGAATGAGATAGTGGATGTTCCGGTGGAGAAGCTGGCTGCCATGCCAGCTCTGCGAGTCATCAACCTGCGCCTCAACCCCCTGAGCGCCGACGTGCGTGTGATTGCCCCACCGCTCATCAAGTTTGATATGCTCATGTCTCCAGAGGATACGCGGGCCCCTCCGCCTTAG
Lrrc2_dna.fasta,0.62,47.95%,12%,4,0,ATGGGACACAAAGTGGTCGTGTTTGACATCTCTGTTGTCAGAGCCTTATGGGAAACTCGTGTCAAGAAGCACAAAGCATGGCAGAAGAAGGAGGCAGAAAGGCTGGAGAAAAGCGCCCTGGAGAAGATAAAGGAGGAGTGGGACTTTGTGGCCGAGTGCAGGAGGAAGGGCGTGCCCCAGGCTGAGTACTGCAAGAATGGCTTTGTGGACACCAGCACAAGGCTCCTGGAAAAGATAGAGAGGAACTCTGTTTCCAGGCAGAGTGCGCGAGTCAAGGACAGAGACAAACGGAGGAGTCCATTTGTGTTTGAACTTTCAGGGACACAGTGGAAGGAGCTGCCTGATTCGCTGAAGGAGCAGACACACCTCAAAGAATGGTACATTCACAGTACCCTCATTCAGATCATTCCCACGTACATCGAGCTGTTTCAAGCCATGAAAATTTTGGATTTGCCAAAAAACCAAATCACGTGTCTTCCAGCTGAAATTGGTCGCTTAAAGAACCTGAAAGAACTCAATGTGAGTTTTAACCATTTGAAGAGTATTCCCCCGGAGCTAGGAGACTGTGAGCATCTAGAGAGACTGGACTGTTCTGGGAATCTGGACCTGATGGATCTCCCCTTTGAATTAAGTAATTTGAAGCAAGTTACATTTGTGGATATCTCTGCGAACAAGTTCTCCAGCGTTCCTATCTGTGTCCTGCGGATGTGTCGTCTGCAGTGGCTGGATATCAGCAGCAACAATCTGAGTGACCTGCCACAAGATATAGACAGGCTGGAAGAGCTACAAGGTTTCCTGCTGTATAAAAACAAGCTGACCTACCTTCCTCAAGCCATGCTCAACCTCAAAAAGCTCACCTTGCTGGTTGTCAGTGGGGATCACCTGGTGGAGGTCCCGACCGCCCTCTGCGATGCCTCCACGCCTTTGAAATTTGTAAGCCTTGTGGACAATCCCATTGATAAGACCGGATGTCAAGACACTGAAGACACAGTAGAGAGCGAGCGGGACCGCCAGCATTTTGATAAGGAATTTATGAAAGCATATATTGAAGACCTTAAAGAAAGAGAAGCTGTTCCCAGTTATACGACCAAAGTGTCATTTAGTCTTCAGCTTTGA
Mapk12_dna.fasta,0.64,53.78%,9% ,2,0,ATGAGCTCCCCGCCACCCGCCCGCAAGGGCTTTTACCGCCAGGAGGTGACCAAAACGGCCTGGGAGGTGCGCGCCGTGTACCAAGACCTGCAGCCCGTTGGCTCTGGTGCCTATGGTGCAGTGTGCTCTGCAGTAGACAGCCGCACTGGCAACAAGGTGGCCATCAAGAAGTTGTACCGGCCCTTCCAGTCGGAGCTGTTTGCCAAGCGCGCCTACAGAGAGTTGCGCCTCCTCAAACACATGCGCCACGAGAACGTCATTGGGCTACTGGATGTGTTCACACCTGATGAGTCTCTGGACGACTTCACAGACTTCTACCTGGTGATGCCATTCATGGGCACTGATCTGGGCAAACTCATGAAGCATGAGACCCTGAGTGAAGACAGAATCCAGTTTCTTGTGTATCAGATGTTGAAGGGGCTGAAGTATATCCATGCGGCTGGTGTCATCCACAGAATCCTAGACTTTGGCCTTGCCAGGCAGGCAGACAGTGAGATGACAGGATATGTGGTAACCCGGTGGTATCGGGCACCAGAGGTCATCTTGAATTGGATGCGCTACACGCAGACAGTGGACATTTGGTCCGTTGGCTGCATCATGGCGGAGATGATTACTGGGAAGATCCTGTTCAAAGGCAATGACCACCTGGACCAGCTGAAGGAGATCATGAAGATCACAGGGACGCCCCCTCCTGAGTTTGTTCAGAAGCTACAGAGTGCAGAGGCCAAGAACTACATGGAAGGCCTCCCTGAGTTAGAAAAGAAGGATTTTGCCTCTGTCCTGACCAACGCAAGCCCTCAGGCTGTGAATCTCCTGGAAAGGATGCTGGTGCTGGATGCGGAACAGCGGGTGACAGCAGCTGAGGCGTTAACCCATCCATACTTTGAGTCCCTTCGGGACACTGAGGATGAACCCAAGGCCCAGAAATATGACGACTCCTTTGATGATGTAGACCGCACCCTTGAGGAATGGAAGCGTGTGACTTACAAGGAAGTTCTCAGCTTCAAGCCTCCTAGGCAGCTAGGAGCCAGAGTTCCAAAGGAGACGGCTCTGTGA
Mbnl2_dna.fasta,0.62,54.37%,11%,0,0,ATGGCCTTGAACGTTGCCCCCGTGAGAGACACAAAGTGGCTGACGCTGGAGGTCTGCAGACAGTACCAGAGAGGAACGTGCTCACGCTCCGACGAAGAATGCAAGTTTGCTCACCCCCCCAAAAGTTGCCAGGTTGAAAATGGAAGAGTAATTGCCTGCTTTGATTCCCTCAAGGGCCGCTGTTCAAGAGAGAACTGCAAATATCTTCATCCTCCGACACACTTAAAAACCCAGCTAGAGATTAATGGGAGGAACAATTTGATCCAGCAAAAAACTGCAGCAGCGATGCTTGCCCAGCAGATGCAATTTATGTTTCCAGGAACGCCGCTCCATCCTGTGCCCACTTTTCCTGTAGGTCCCACCATAGGGACAAATGCGGCTATTAGCTTTGCTCCTTACTTAGCGCCTGTCACCCCTGGAGTTGGGTTAGTCCCAACAGAGGTTCTACCCACTACACCGGTCATTGTTCCCGGAAGTCCACCGGTCACTGTCCCGGGCTCAACTGCAACTCAGAAACTTCTCAGGACTGATAAACTGGAGGTATGCAGGGAGTTCCAGCGAGGAAACTGTGCCCGGGGAGAGACAGACTGCCGCTTTGCACACCCGGCAGACAGCACCATGATCGACACAAACGACAACACCGTAACCGTTTGTATGGATTACATAAAGGGGCGTTGCATGAGGGAGAAATGCAAATATTTTCACCCTCCTGCACACTTGCAGGCCAAAATCAAAGCTGCGCAGCACCAAGCCAACCAGGCCGCGGTGGCCGCCCAGGCAGCCGCGGCCGCGGCCACAGTCATGACTCAGTCGACTGCCAAAGCACTGAAGCGACCTCTCGAAGCAACTGTAGACCTGGCCTTCCCTCCGGGTGCTCTTCATCCCTTACCAAAGAGACAAGCACTTGAAAAAAGCAACGGGGCCAGCACGGTCTTCAACCCCAGCGTCTTGCACTACCAGCAGGCTCTGACCAGTGCGCAGCTGCAGCAGCACACGGCGTTCATCCCCACAGTACCCATGATGCACAGCGCTACGTCCGCCACTGTCTCTGCAGCAACAACTCCTGCAACAAGTGTCCCCTTCGCAGCAACAGCCACAGCCAATCAGATAATTCTGAAATAA
Mllt11_dna.fasta,0.65,55.92%,10%,0,0,ATGAGGGACCCTGTAAGTAGCCAGTACAGCTCCTTTCTTTTCTGGAGGATGCCCATCCCAGAACTGGATCTGTCGGAGCTGGAAGGCCTGGGCCTGTCAGATACACCTACCTACGAGAGCAAGGATAGCAGCAGCGTTGGCAAAATGAACGGGCAGGCATCTGGGACGGAGCAGAAGAACCCTGAAGGTGACCCCCTCCTTGAGTACAGCACCTTCAACTTCTGGAGAGCGCCTATTGCCAGCATCCACTCTGTCGACCTGGACTTGCTTTAA
Mreg_dna.fasta,0.60,53.01%,17%,1,0,ATGGGGCTGCGCCGCTGGCTACGGAGCGCCTGCTGCTGCTGCCCGTGCCGGTGCCTGGAGGAGCCCGCGCGGCCCGAGAAGGAGCCGCTGGTCAGTGGTAACAATCCGTATTCCTCCTTTGGAGCGACTCTGGAGAGGGATGATGAGAAGAATTTATGGAGCATGCCTCATGACGTGTCCCACACAGAGGCGGATGACGATAGGATCTTGTATAATTTGATAGTCATTCGTAATCAGCAGACCAAAGACTCAGAGGAATGGCAAAGACTCAACTATGATATCTACACCCTGCGGCAGATCCGCAGGGAAGTGAGGAACCGATGGAGACGAATCTTAGAGGACTTGGGCTTTCAAAGGGAAGCCGACTCTCTGTTGTCAGTGACCAAACTCAGCACCATGAGTGATTCTAAAAACACAAGGAAAGCCCGGGAGATGCTGTTAAAGCTGGCTGAAGAGACCTCTATCTTCCCCGCCAGCTGGGAGCTCTCCGAGAGGTACCTCTTGGTTGTGGACCGGCTCATTGCTCTCGATGCTGCTGAGGACTTCTTTAAGATTGCTAGCCAAATGTACCCCAAGAAACCTGGGGTCCCATGCCTGGTGGACGGCCAGAGAAAACTGCACTGCCTTCCATTTCCAAGCCCCTGA
Myh8_dna.fasta,0.64,53.41%,7% ,18,0,ATGAGTGCGGGTTCGGACGCGGAGATGGCTATTTTTGGCGAAGCTGCTCCTTACCTCCGAAAATCGGAGAAGGAGAGGATTGAGGCCCAAAATAAGCCTTTTGACGCAAAAACATCTGTCTTTGTGGCGGAGCCCAAGGAGTCTTATGTGAAAAGCGTTATACAAAGCAAGGATGGAGGGAAAGTGACCGTGAAGACGGAAAGTGGAGCAACTCTCACCGTCAAGGAAGATCAAGTCTTCCCCATGAACCCTCCCAAATATGACAAGATCGAGGACATGGCCATGATGACCCACCTCCATGAGCCCGGAGTGCTGTACAACCTCAAAGAGCGTTATGCAGCCTGGATGATCTATACCTACTCAGGCCTCTTCTGTGTCACCGTCAACCCCTACAAGTGGCTGCCGGTGTACAACCCTGAGGTGGTGGCAGCCTACCGAGGCAAAAAGCGCCAGGAGGCCCCACCCCACATCTTCTCCATCTCTGACAACGCCTACCAGTTCATGCTGACGGATCGTGAGAACCAGTCCATCCTGATCACCGGAGAATCCGGGGCCGGGAAGACTGTGAACACGAAGCGTGTCATCCAGTACTTTGCAACAATTGCAGTCACTGGGGACAAGAAGAAGGAGGAGTCTGGCAAAATGCAGGGGACCCTGGAAGATCAAATCATCAGTGCTAACCCCCTGCTGGAGGCCTTTGGGAACGCCAAGACCGTGAGGAATGACAACTCATCTCGCTTTGGCAAGTTCATCAGAATCCACTTCGGTACCACGGGGAAACTGGCATCAGCTGATATTGAAACCTATCTTCTAGAGAAGTCTAGAGTCACTTTCCAGCTAAAAGCTGAAAGAAGTTACCACATTTTTTATCAGATCACCTCCAATAAGAAGCCAGAGCTAATTGAAATGCTCCTGATCACCACCAACCCGTATGACTACGCCTTTGTCAGTCAGGGGGAGATCACGGTGCCCAGCATTGATGACCAAGAAGAGTTGATGGCCACAGATAGTGCCATTGATATCCTTGGCTTTTCACCTGAAGAGAAAGTGTCCATCTATAAACTCACAGGGGCTGTGATGCATTATGGGAACATGAAGTTCAAGCAAAAGCAGCGGGAGGAGCAGGCTGAGCCAGATGGCACTGAAGTGGCTGACAAGGCTGCCTATCTCCAGTGTCTGAACTCTGCTGATCTGCTCAAAGCCCTCTGCTATCCCAGGGTCAAGGTTGGCAATGAATATGTCACCAAAGGCCAGACGGTTCAACAAGTGTATAATGCGGTGGGTGCCCTGGCCAAGGCTGTCTATGAGAAGATGTTCCTGTGGATGGTCACCCGCATCAACCAGCAGCTGGACACCAAGCAGCCCCGGCAGTACTTCATCGGGGTCTTGGACATCGCTGGCTTTGAGATCTTTGATTTCAACAGCCTGGAGCAGCTGTGCATCAACTTCACCAATGAGAAACTGCAACAGTTTTTCAACCACCACATGTTCGTGCTGGAGCAGGAGGAGTACAAGAAGGAAGGCATCGAGTGGACCTTCATCGACTTCGGGATGGACCTGGCGGCCTGCATCGAGCTCATTGAGAAGCCACTGGGCATCTTCTCCATCCTGGAAGAAGAGTGCATGTTCCCTAAGGCGACAGACACCTCCTTCAAGAACAAGCTGTACGACCAACATCTGGGAAAATCCAACAACTTCCAGAAGCCCAAGCCTACCAAAGGCAAGGCCGAGGCCCACTTCTCCCTGGTGCACTATGCGGGCACTGTGGATTACAACATCACCGGCTGGCTGGACAAGAACAAGGACCCCCTGAATGACACCGTGGTGGGGCTGTACCAGAAGTCAGCAATGAAAACTCTGGCCAGCCTCTTTTCCACATACGCTAGTGCTGAAGCAGATGGTGGTGCAAAGAAAGGAGCTAAGAAGAAGGGCTCTTCTTTCCAAACTGTGTCAGCCCTTTTCAGGGAAAACTTAAATAAACTGATGACCAATCTGAGAAGTACACACCCTCACTTCGTACGGTGTATCATTCCCAATGAAACGAAGACTCCCGGTGCCATGGAGCACGAACTGGTCCTGCACCAGCTGAGGTGTAACGGGGTGCTGGAGGGCATCCGCATCTGCAGGAAGGGGTTCCCCAGCCGGATCCTGTATGGGGACTTTAAGCAGAGATACAAGGTTTTAAATGCAAGTGCTATTCCAGAGGGACAGTTCATCGACAGCAAGAAGGCCTCTGAGAAGCTTCTGGGCTCTATTGATATCGATCACACTCAGTATAAATTTGGACACACCAAGGTTTTCTTCAAAGCTGGTCTCCTGGGTCTCCTGGAAGAAATGAGAGATGAAAAGCTGGCCCAGATTATAACAAGAACCCAGGCGGTCTGTAGGGGATACCTAATGAGAGTGGAGTATCAGAAGATGCTGCTGAGAAGAGAATCCATCTTCTGTATCCAGTACAACGTCCGCGCCTTCATGAACGTCAAGCACTGGCCCTGGATGAAACTCTTCTTCAAGATCAAACCCCTGCTGAAGAGCGCAGAGACCGAGAAGGAGATGGCCACCATGAAGGAGGAGTTCCAGAAAACCAAGGATGAGCTGGCCAAGTCGGAGGCAAAGCGGAAGGAGCTGGAGGAGAAGATGGTCACTCTTCTCAAAGAGAAAAATGACCTGCAACTCCAGGTTCAATCTGAAGCAGACAGCTTGGCCGATGCTGAGGAAAGGTGTGAACAATTGATCAAAAACAAAATCCAGCTGGAGGCCAAAATCAAAGAGGTGACCGAGAGGGCCGAGGACGAGGAGGAGATCAACGCGGAGCTCACGGCCAAGAAGAGGAAGCTGGAGGACGAGTGCTCAGAGCTGAAGAAGGACATCGATGACCTTGAGCTGACACTGGCCAAGGTTGAGAAGGAGAAGCACGCCACGGAGAACAAGGTGAAAAACCTGACAGAGGAGATGGCAGGCCTGGATGAAAATATCGCCAAGCTGACCAAGGAGAAGAAGGCCCTCCAGGAGGCCCACCAGCAGACCCTGGATGACCTGCAGGCAGAGGAGGACAAAGTCAACACCCTGACCAAAGCCAAAACCAAGCTGGAACAGCAAGTGGATGACCTTGAGGGATCGCTAGAGCAAGAAAAGAAGCTGAGGATGGACTTAGAAAGAGCCAAGAGGAAACTGGAGGGGGACCTGAAACTGGCCCAAGAGTCCACAATGGACATAGAAAACGATAAACAGCAGCTTGATGAGAAACTCAAAAAGAAGGAGTTTGAAATCAGCAACCTGATAAGCAAAATTGAAGATGAGCAAGCTGTGGAGATCCAGCTGCAGAAGAAGATCAAAGAGTTGCAGGCCCGCATCGAGGAGCTGGAGGAGGAAATCGAGGCAGAGCGGGCCTCCAGGGCCAAAGCAGAGAAGCAGCGCTCTGACCTCTCCCGGGAACTGGAGGAGATCAGCGAGAGGCTGGAAGAAGCCGGCGGGGCCACCTCTGCTCAGGTGGAGATGAACAAGAAGCGGGAAACTGAGTTTCAGAAACTTCGCCGGGACCTGGAGGAGGCCACGCTGCAGCACGAAGCCACAGCAGCCGCTCTTCGGAAGAAGCACGCGGACAGTGTGGCTGAGCTCGGGGAGCAGATCGACAACCTGCAGCGGGTGAAGCAGAAGCTGGAGAAGGAGAAGAGCGAGCTGAAGATGGAGATCGATGACCTTAGCAGTAATGCAGAGGCCATCGCCAAAGCCAAGGGAAATCTGGAGAAGATGTGCCGCACTCTGGAGGACCAGGTGAGTGAACTGAAGAGCAAGGAGGAGGAGCAGCAGCGGCTCATCAACGAGCTGACAGCGCAGAGAGCACGCCTGCAGACAGAAGCAGGTGAGTACTCCAGACAGCTGGATGAGAAAGATGCTTTAGTCTCTCAGTTGTCAAGGAGCAAGCAGGCATCCACGCAGCAGATTGAGGAGCTGAAGCGTCAGCTCGAGGAAGAAACCAAGGCCAAGAACGCGCTGGCCCACGCCCTGCAGTCCTCCCGCCACGACTGTGATCTGCTGCGGGAACAGTATGAAGAGGAGCAGGAAGGCAAAGCCGAGCTGCAGAGGGCACTGTCCAAGGCCAACAGCGAGGTGGCCCAGTGGAGGACCAAATATGAGACCGATGCCATCCAGCGCACAGAGGAGCTGGAGGAGGCCAAGAAGAAGCTGGCTCAGCGTCTGCAGGCGGCCGAGGAGCACGTAGAAGCCGTGAACGCCAAGTGCGCTTCCCTGGAGAAGACGAAGCAGCGGCTGCAGAACGAGGTGGAGGACCTCATGATTGATGTGGAGAGGACCAACGCGGCCTGCGCCGCCCTGGACAAGAAGCAGAGAAACTTCGACAAGGTTCTATCAGAATGGAGACAGAAGTATGAGGAAACTCAGGCTGAGCTTGAGTCCTGCCAGAAGGAGTCCCGAACTCTCAGCACGGAGCTGTTCAAGGTGAAGAACGCCTACGAGGAGTCTCTGGACCACCTGGAGACGCTGAGGAGAGAGAACAAGAATCTGCAACAGGAGATCTCTGACCTGACTGAGCAGATTGCAGAGGGAGGGAAGCACATCCATGAGCTGGAGAAAATCAAGAAGCAAGTGGAACAGGAGAAGTGTGAGATACAGGCTGCCTTAGAGGAAGCAGAGGCATCTCTGGAGCACGAGGAGGGAAAGATCCTGCGCATCCAGCTGGAGCTGAACCAAGTCAAGTCTGAGATCGACAGGAAGATTGCTGAGAAGGATGAGGAGATCGACCAGCTGAAGAGGAACCACGTTAGAGTCGTGGAGACCATGCAGAGCACGCTGGATGCCGAGATCAGGAGCAGGAATGATGCTCTGAGAGTCAAGAAGAAGATGGAGGGAGACCTGAACGAGATGGAGATCCAGCTGAACCACGCCAACCGCTTGGCTGCTGAAAGTTTGAGGAACTACAGGAACACACAGGGCATCCTCAAGGACACCCAGCTGCATCTGGATGACGCTCTCCGGGGCCAGGAGGATCTGAAGGAGCAGCTGGCCATCGTGGAGCGCAGAGCCAACCTGCTGCAGGCTGAGATTGAGGAGCTGCGGGCCACGCTGGAGCAGACGGAGAGGAGCAGGAAGATTGCAGAGCAGGAGCTGCTGGACGCCAGTGAGCGCGTGCAGCTCCTCCACACCCAGAACACGAGCCTCATCAACACCAAGAAGAAGCTGGAAAATGATGTTTCACAGCTGCAGAGTGAAGTGGAAGAAGTGATTCAAGAGTCACGCAATGCAGAAGAGAAGGCTAAGAAAGCCATTACTGATGCCGCCATGATGGCGGAGGAGCTGAAGAAGGAGCAGGACACCAGCGCCCACCTGGAGCGGATGAAGAAGAACATGGAACAGACGGTGAAGGACCTGCAGCACCGTCTGGACGAGGCTGAGCAGCTGGCGCTGAAGGGCGGCAAGAAGCAGATCCAGAAACTGGAGGCCAGGGTACGTGAACTTGAAGGAGAGGTCGAAAATGAACAGAAACGCAATGCTGAGGCTGTTAAAGGGTTAAGGAAGCATGAAAGAAGAGTAAAGGAACTTACCTACCAGACTGAGGAAGACCGCAAGAATGTGCTCCGGCTGCAGGACCTGGTGGACAAATTACAGGCGAAGGTGAAATCCTACAAGAGACAGGCTGAGGAGGCTGAGGAACAATCCAATGCCAACCTGGCCAAGTTCCGCAAGCTGCAGCACGAGCTGGAGGAAGCCGAGGAGCGGGCTGACATCGCCGAGTCCCAGGTCAACAAGCTGCGGGTGAAGAGCCGGGAGGTTCACACCAAAATCAGCGCAGAGTAA
Myl1_dna.fasta,0.67,51.67%,7% ,3,0,ATGTCCTTCAGTGCTGACCAGATTGCCGACTTCAAGGAGGCATTTCTCCTGTTTGACAGAACAGGTGAATGCAAGATCACCTTAAGTCAGGTGGGAGACGTCCTCCGGGCTCTGGGCACCAATCCCACCAATGCAGAGGTCAAGAAGGTTCTTGGGAACCCCAGCAATGAAGAGATGAATGCTAAGAAAATCGAGTTTGAACAGTTTCTGCCCATGATGCAAGCTATCTCCAACAACAAGGACCAGGGAGGTTATGAAGATTTCGTTGAGGGTCTGCGTGTCTTCGACAAGGAGGGCAATGGCACCGTCATGGGTGCTGAACTCCGCCATGTCCTCGCCACTCTGGGAGAGAAGATGAAGGAGGAAGAGGTAGAAGCGTTGCTGGCAGGCCAGGAGGACTCCAATGGCTGCATCAACTATGAAGCTTTTGTCAAACACATCATGTCTGTCTAA
Opa1_dna.fasta,0.60,44.71%,14%,7,0,ATGTGGCGAGCAGGTCGGGCGGCCGTGGCCTGTGAAGTCTGCCAATCCTTAGTGAAACACAGTTCTGGAATACAAAGAAACGTACCGCTCCAAAAACTCCATCTGGTTTCACGAAGTATTTATCGTTCACATCATCCTGCCCTCAAGCTTCAAAGACCCCAACTAAGGACACCATTTCAGCAGTTCTCTTCTCTAACTCACCTTTCATTACATAAATTGAAACTTTCTCCAATTAAATATGGCTACCAGCCCCGCAGGAACTTTTGGCCAGCAAGGTTAGCTGCAAGACTCTTAAAACTTCGATATATCATACTGGGATCTGCTGTTGGAGGTGGCTATACAGCCAAAAAAACCTTCGATGAATGGAAAGATATGATACCAGACCTTAGTGACTATAAGTGGATTGTGCCTGACTTTATATGGGAAATTGATGAGTATATTGATTTGGAGAAAATTAGAAAAGCCCTGCCCAGCTCAGAAGACCTTGCCAGTTTAGCTCCCGACCTGGACAAGATTACTGAGAGCCTCAGCTTGTTGAAGGACTTCTTCACTGCAGGTCCCAAATTGGTTAGTGAAGTCCTAGAAGTTTCTGAGGCCCTTCTCTTGTTAGGTTCACCTGGAGAAACAGCATTTCGAGCAACAGATCATGGATCTGAAAGTGACAAGCATTACAGGAAGGTGTCAGACAAAGAAAAGATTGACCAACTTCAAGAAGAACTTCTGCATACTCAGTTAAAGTATCAGAGGATCTTGGAGCGCCTGGAAAAGGAGAACAAAGAGCTGCGGAAGCTGGTGCTGCAGAAGGACGACAAAGGCATCCACCACAGGAAGCTCAAGAAATCTTTGATTGATATGTATTCTGAAGTTCTTGATGTTCTTTCTGATTATGATGCCAGTTACAATACACAAGATCACCTACCACGGGTTGTTGTGGTTGGAGATCAGAGTGCTGGGAAAACCAGTGTGCTGGAAATGATTGCTCAGGCCCGGATCTTCCCGAGAGGGTCCGGCGAGATGATGACACGCTCTCCAGTGAAGGTGACTCTCAGTGAAGGCCCTCACCATGTGGCCTTGTTTAAAGATAGCTCTCGGGAATTTGATCTCACCAAGGAGGAAGATCTTGCAGCATTAAGACATGAAATCGAACTCCGAATGAGGAAAAATGTGAAAGAAGGTTGTACTGTTAGCCCCGAGACCATATCTCTAAATGTCAAAGGCCCTGGGCTGCAGAGGATGGTGCTCGTGGACTTGCCTGGTGTCATCAACACCGTGACATCAGGCATGGCTCCCGACACAAAGGAAACTATTTTCAGTATCAGCAAAGCTTACATGCAGAATCCTAACGCCATCATCCTGTGCATCCAAGACGGATCCGTAGATGCTGAGCGCAGTATTGTTACAGACTTGGTCAGTCAAATGGATCCTCATGGAAGAAGAACCATATTTGTTTTGACCAAAGTAGACCTGGCAGAAAAAAATGTAGCCAGTCCAAGCAGGATACAACAGATAATTGAAGGCAAGCTCTTCCCAATGAAAGCTCTGGGTTATTTTGCTGTCGTAACAGGAAAAGGAAACAGCTCTGAAAGTATTGAAGCTATAAGAGAGTATGAAGAGGAATTTTTTCAGAATTCAAAACTGCTAAAGACAAGCATGCTAAAGGCACACCAGGTCACCACGAGAAATCTCAGCCTTGCTGTGTCAGACTGCTTTTGGAAAATGGTTCGAGAGTCAGTTGAACAACAGGCTGATAGTTTTAAAGCCACGCGCTTTAACCTAGAGACGGAATGGAAGAATAACTACCCGCGCCTGCGAGAGCTCGACAGGAATGAACTCTTTGAAAAAGCTAAAAATGAGATCCTCGATGAGGTCATCAGTCTGAGCCAGGTCACGCCAAAGCACTGGGAGGAAATCCTGCAGCAATCCCTGTGGGAACGAGTGTCAACACATGTGATTGAGAACATCTACCTTCCAGCTGCCCAGACCATGAATTCGGGAACATTTAACACCACAGTAGACATCAAGCTTAAACAGTGGACTGACAAGCAGCTTCCTAATAAAGCAGTCGAGGTTGCCTGGGAGACTCTACAAGAGGAATTTTCCCGCTTCATGACAGAACCCAAAGGAAAGGAACACGACGACATATTTGACAAACTTAAGGAGGCTGTGAAGGAGGAGAGTATCAAGCGGCACAAGTGGAACGACTTTGCCGAGGATAGCTTGAGGGTTATTCAGCACAATGCTTTGGAAGACCGGTCCATATCAGATAAGCAACAGTGGGATGCAGCCATTTACTTCATGGAAGAGGCGCTTCAAGGTCGTCTCAAGGATACTGAAAATGCTATTGAAAACATGATTGGGCCAGACTGGAAAAAGAGGTGGATGTACTGGAAGAATCGGACCCAAGAGCAGTGTGTTCACAACGAAACCAAGAACGAGTTGGAGAAGATGCTGAAGGTTAATGATGAGCACCCAGCTTACCTGGCAAGTGATGAGATTACCACAGTCCGGAAGAACCTGGAGTCTCGAGGAGTGGAAGTCGATCCAAGCTTGATTAAGGATACTTGGCATCAAGTTTATAGAAGACATTTCTTAAAAACAGCTCTAAATCATTGTAACCTTTGTCGCAGAGGTTTTTATTACTACCAGAGGCATTTTATAGATTCTGAGCTGGAATGCAATGACGTGGTCCTGTTTTGGCGAATACAGCGCATGCTCGCTATCACTGCCAATACATTAAGGCAGCAGCTTACAAACACTGAAGTTAGGCGACTAGAGAAAAACGTTAAAGAGGTATTAGAAGATTTTGCAGAAGACGGTGAGAAGAAGGTTAAATTGCTCACTGGCAAACGAGTTCAGCTGGCAGAAGATCTCAAGAAAGTTAGAGAAATTCAAGAAAAGCTTGATGCTTTCATTGAAGCTCTTCACCAGGAGAAGTAG
Pdp1_dna.fasta,0.60,45.18%,14%,5,0,ATGCCAGCACCAACTCAACTGTTTTTTCCTCTCGTCCGTAACTGTGAACTGAGCAGAATCTATGGCACTGCATGTTACTGCCACCACAAACATCTCTGCTGTTCACCACCATACATTCCTCAGAATCGTCTGAGGTACACACCCCATCCTGCATATGCTACCTTTTGTAGGCCACGGGAGAACTGGTGGCAGTATACTCAAGGAAGGAGATACGCTTCTACACCGCAGAAATTTTACCTCACACCTCCACAAGTCAACAGCATCCTTAAAGCTAATGAATACAGCTTCAAAGTACCAGAATTTGATGGCAAAAATGTCAGTTCCATTCTTGGATTTGACAGCAATCAGCTGCCTGCAAATGCACCCATAGAGGACCGGAGAAGTGCAGCAACCTGCTTGCAGACCAGAGGGATGCTCTTGGGGGTTTTTGATGGTCATGCAGGCTGTGCTTGTTCCCAGGCAGTCAGTGAAAGACTCTTCTATTATATTGCTGTTTCCTTGTTGCCCCATGAGACTTTGCTAGAGATTGAAAATGCAGTGGAGAGTGGTCGGGCACTGCTACCTATCCTTCAGTGGCACAAGCACCCCAATGATTACTTCAGTAAGGAGGCGTCCAAATTGTATTTCAACAGCTTGAGGACTTACTGGCAAGAACTCATAGACCTCAATACTGGAGAATCAGCTGATATTGATGTTAAGGAGGCTTTAATTAATGCTTTCAAGAGACTCGATAATGACATTTCATTGGAGGCTCAAGTTGGTGATCCTAATTCTTTTCTAAATTACCTGGTGCTTCGGGTAGCATTTTCTGGGGCTACTGCTTGTGTGGCCCATGTAGATGGTGTTGACCTCCATGTGGCTAACACTGGTGATAGTAGAGCCATGCTAGGTGTGCAAGAAGAAGATGGCTCTTGGTCAGCAGTCACACTCTCTAATGACCACAATGCTCAGAATGAAAGAGAACTAGAGCGTCTGAAACTGGAACACCCAAAAAATGAGGCCAAGAGCGTGGTAAAGCAGGACCGGCTGCTTGGCTTGCTGATGCCCTTTAGGGCTTTTGGAGATGTAAAGTTCAAATGGAGCATTGACCTTCAAAAGAGAGTGATAGAGTCTGGCCCAGACCAGTTGAATGACAATGAATACACCAAGTTTATCCCTCCTAACTATCATACACCTCCTTATCTTACTGCTGAGCCAGAGGTAACTTATCACAGATTAAGGCCACAGGATAAATTCCTAGTGTTAGCAACTGATGGGTTGTGGGAGACTATGCATAGACAGGATGTGGTTAGGATTGTGGGTGAATACTTAACTGGTATGCATCACCAACAGCCAATAGCAGTTGGTGGGTACAAGGTGACTCTGGGACAGATGCATGGCCTTTTAACAGAAAGGAGAGCAAAGATGTCATCAGTGTTTGAGGATCAGAATGCAGCAACCCATCTCATTCGCCATGCTGTAGGCAATAATGAATTTGGGGCTGTTGATCATGAACGACTCTCTAAAATGCTTAGTCTTCCTGAAGAGCTTGCTCGGATGTATAGAGATGACATTACAATCATTGTAGTTCAGTTCAATTCTCATGTTGTAGGGGCATACCAAAACCAGGAACAGTAA
Pfkm_dna.fasta,0.66,54.96%,8% ,1,0,ATGACCCATGAAGAGCATCATGCAGCCAAAACCCTGGGGATCGGCAAGGCCATCGCCGTGTTGACCTCTGGTGGAGATGCCCAAGGTATGAATGCTGCCGTCAGGGCTGTGGTCCGAGTTGGTATCTTCACGGGCGCCCGCGTCTTCTTTGTCCATGAGGGTTACCAAGGCCTGGTGGACGGTGGCGAGCACATCAGGGAGGCCACGTGGGAGAGCGTGTCTATGATGCTTCAGCTGGGTGGCACAGTGATTGGAAGTGCCCGATGCAAGGACTTCCGAGAGCGAGAAGGACGACTCCGGGCCGCCCACAACCTGGTGAAGCGGGGGATCACCAATCTGTGTGTCATCGGAGGCGATGGCAGCCTCACTGGGGCTGACACTTTCCGTTCAGAGTGGAGCGACTTGCTGAATGATCTCCAGAAAGACGGGAAGATCACAGCCGAGGAGGCTACAAAGTCCAGCTACCTGAACATCGTGGGCCTGGTTGGCTCAATCGACAATGACTTCTGTGGCACTGATATGACCATTGGTACCGACTCTGCCCTGCACAGGATTGTGGAGATCGTAGACGCCATCACCACCACGGCTCAGAGCCACCAGAGGACGTTTGTGTTAGAAGTGATGGGCCGCCACTGTGGATACCTGGCCCTTGTCACCTCTCTGTCCTGTGGGGCCGACTGGGTTTTTATTCCTGAGTGTCCGCCAGACGATGACTGGGAAGAACACCTTTGTCGCCGGCTCAGTGAGACAAGGACCCGTGGCTCTCGTCTCAACATCATCATTGTTGCTGAAGGTGCCATCGACAAGAACGGGAAGCCAATCACCTCAGAAGACATCAAGAACCTGGTGGTGAAGCGCCTTGGATATGACACCCGGGTCACTGTTCTGGGACATGTACAGCGGGGTGGGACACCATCAGCCTTTGACCGGATCCTGGGCAGCAGGATGGGTGTGGAAGCAGTGATGGCACTTTTGGAGGGGACCCCAGACACCCCAGCCTGTGTGGTGAGCCTCTCTGGTAACCAGGCTGTGCGTTTGCCCCTCATGGAGTGCGTGCAGGTGACCAAAGACGTGACCAAGGCTATGGATGAGAAGAGATTTGATGAAGCCATTAAGCTGAGAGGCCGGAGCTTCATGAACAACTGGGAGGTATACAAGCTTCTAGCTCATGTCAGACCCCCAGTCTCTAAGGGTGGGTTGCACACAGTGGCCGTGATGAATGTGGGGGCCCCAGCTGCTGGCATGAATGCCGCTGTTCGCTCTACCGTGAGGATTGGCCTTATCCAGGGCAACCGGGTGCTGGTCGTACATGATGGCTTTGAGGGTCTGGCCAAAGGTCAGATTGAGGAGGCTGGCTGGAGCTATGTTGGAGGCTGGACTGGTCAAGGTGGTTCCAAACTTGGTACTAAAAGGACTCTCCCCAAGAAGAACCTGGAACAGATCAGTGCCAACATAACCAAGTTTAACATCCAGGGCCTTGTCATCATTGGGGGCTTTGAGGCTTACACAGGGGGCTTGGAGCTGATGGAAGGCAGGAAGCAGTTTGATGAGCTCTGCATCCCGTTTGTGGTCATTCCGGCCACGGTTTCCAATAACGTCCCTGGGTCAGACTTCAGCATCGGGGCTGACACAGCACTGAACACCATCTGCACGACTTGTGACCGAATCAAGCAGTCTGCAGCAGGCACCAAACGTCGGGTGTTTATCATCGAGACTATGGGTGGCTACTGTGGCTACCTGGCCACCATGGCAGGGCTGGCCGCTGGGGCTGATGCTGCCTACATTTTTGAGGAACCCTTCACCATTCGCGATCTCCAGGTGAATGTTGAACATCTGGTGCAGAAGATGAAAACAACTGTGAAGAGAGGCCTGGTGCTGAGGAATGAGAAATGCAATGAGAACTACACTACTGACTTCATTTTCAACCTGTACTCTGAGGAGGGGAAGGGCATCTTTGATAGCAGGAAGAACGTGCTTGGCCACATGCAGCAGGGTGGAAGCCCAACTCCCTTTGACAGGAATTTTGCCACTAAGATGGGTGCTAAGGCTATGAACTGGATGTCTGGGAAAATCAAGGAGAGTTACCGTAATGGACGGATCTTTGCCAACACCCCTGACTCAGGCTGCGTTCTGGGGATGCGTAAGAGGGCCCTGGTCTTTCAGCCAGTAACTGAGCTGAAGGACCAGACAGACTTTGAACACCGAATCCCCAAAGAACAGTGGTGGCTGAAGCTGAGGCCAATCCTCAAAATCCTAGCCAAGTACGAGATTGATCTGGACACCTCCGACCACGCCCACCTGGAGCACATTTCAAGGAAACGGTCTGGAGAAGCCGCCGTCTAG
Ppp1r2_dna.fasta,0.64,45.87%,9% ,0,0,ATGGCGGCCTCAACGGCCTCGCACCGGCCCATCAAAGGAATCCTGAAGAACAAGACCTCTGCGGCTTCCCCCCCGGTGGTGCCCTCGGCCGAACAGCCCCGCCCGATCGTGGAAGAGGAACTGAGTAAGAAGTCTCAGAAGTGGGATGAAATGAATATCCTGGCAACATATCATCCCGCTGACAAAGACTATGGCTTGATGAAAATAGACGAGCCAAACACCCCATATCACAATATGATAGGTGACGATGAAGACGCCTATAGTGATTCAGAAGGCAATGAAGTCATGACTCCAGATATCTTAGCTAAGAAATTAGCTGCTGCTGAAGGCTCAGAGCCAAAGTATCGGACTCGGGAGCAAGAAAGTAGTGGAGAGGAAGATAATGACCTCTCCCCTGAGGAGCGAGAAAAGAAGCGACAGTTTGAAATGAAAAGGAAGCTTCATTACAATGAAGGACTCAATATTAAGTTAGCCAGACAGTTAATTTCAAAAGACCTACATGATGATGATGAAGATGAAGAAATGGCAGAGACTGCAGATGGAGACAGCATGAATGTTGAAGAGTCAAGTCAAGGATCTACTACAAGTGACCATCTGCAACACAAATCACAAAGTTCATAA
Psmd7_dna.fasta,0.63,49.93%,9% ,5,0,ATGCCGGAGCTGGCGGTGCAGAAGGTGGTGGTTCACCCCCTGGTGCTGCTCAGTGTGGTGGATCATTTCAACCGAATTGGCAAGGTTGGAAACCAGAAGCGGGTAGTTGGTGTGCTTTTGGGATCATGGCAAAAGAAAGTACTTGATGTATCCAACAGTTTTGCAGTACCTTTTGATGAAGATGACAAAGATGATTCTGTCTGGTTTTTAGACCATGATTATTTGGAAAACATGTATGGGATGTTCAAGAAGGTCAATGCCAGAGAAAGGATAGTTGGGTGGTACCACACAGGCCCCAAACTGCACAAGAATGATATCGCCATCAATGAACTCATGAAGAGATACTGCCCCAACTCAGTATTGGTCATTATCGACGTGAAGCCAAAGGACCTAGGACTTCCCACCGAAGCCTACATCTCAGTGGAGGAAGTTCATGACGATGGGACGCCAACGTCAAAAACTTTTGAGCATGTGACTAGCGAGATTGGAGCAGAGGAGGCGGAGGAAGTCGGAGTGGAGCACTTACTAAGAGACATCAAGGACACTACAGTGGGGACTCTCTCCCAGCGGATCACAAACCAGGTCCATGGCTTGAAGGGACTGAACTCCAAGCTCCTGGATATCAGGAGCTACCTGGAGAAGGTAGCCAGCGGCAAGCTGCCCATCAACCACCAGATCATATACCAGCTGCAGGACGTCTTCAACCTGCTGCCGGACGCCAGCCTGCAGGAGTTTGTCAAGGCCTTCTACCTGAAGACCAATGACCAGATGGTGGTGGTGTACCTGGCCTCGCTGATCCGCTCTGTGGTCGCCTTGCATAACCTCATCAACAACAAGATTGCCAACCGGGATGCCGAGAAGAAGGAGGGACAGGAAAAGGAGGAGAGCAAGAAGGAGAGAAAAGACGACAAAGAGAAGGAGAAGAGCGACGCAGCGAAGAAAGAAGAGAAAAAGGAGAAAAAGTAA
Qser1_dna.fasta,0.61,43.15%,11%,5,0,ATGGACGCGCACTACGCGCCCGCGGGCTTCGCTGAGCCTCCCGCGCCCCCCGCCAGCGCCGCCACGCAGCCCGCTGCCCCCGCCTGGGCCTACGAAGCCCGGGTCCCGGCCGCCGCCTCCAGCCCCAGCTGCAGCGGCAGCAGTCCCAGCCTCAAGGCCAGCTATGAAGATGGACATCCCTCACAGTCTGAGTCAGATGTTCTTCAGAGACAGACGTTCACAGCCTCTCATCAGCTTCCTGGATATGCCACCACTCCTCAAGCAACTGGCATGCATTCCTCAGCAGCAACTGAGCTGTTTGTTGCAGGACCCTTGCCAACCACTGGGACACTTCCACCACCAACTTTGTCTGCCTATCAGCATTCATCTACCTTTAGCAATAGAAACTTTGCGACCACCTCACCTTTGGTGCTTCAAGATTCATCTTTTAACACTACATCCAATGGAATTTTAAGCCCTCATGACCCTTTGCTACAAATTAAGACTTCCCAGGGAACTGTTCCGACTGCTTTGGCATTTGAGCGCCTGGGCAGTTCTGCATTAAGTAACAGCGTACCACCTCAGTCTTCAACATATCGCTCAGCTCAAGAGTCAGCACCCCATCTTTTACAACCTCAATTTAGTTTGTTGCCTTCAACACTTGGGGGAGCCCAGCAAACCCCTCAAGCCTATAATTCAGCTCTTTTTCCTAGTTCTGCTGCTTCCATTGAAAGAGCCCTTCTTCGAGAATGTAGCGTTATTAAACACCACCAGCGGCCTTCAGTTACCCAGTCTATTCAGGCACAACTGACTGGTTCACAGCATCCCTTACATAGCTACCTATCAAGTGCAAGTATTGGTAATTTTCAGGAACCATCCAGGCAGTCGTCTTTATCCTGTAGTTCAGTTCGAGATTCTACTCAGGTGAGCAATGGAGTATTGCCGCAGAAGACCCCTCAGGTCTCAGCAGAACTTGCTCAGTCTTACTCATCTGTAATTCCATCATCAGGGTATCTTCCTTCTGCTACAAAAGTAGACAGCTGTTCTACAAAACAACCACTAACATCAACTACAATTCCGAAGCCTCAAAGTGTAATTCCTCCTGTGCAAACACTAAACTATTCTAAACCTTTACATAACCAGAGTTCTGTAATATCAGGTCAAGCACAAATTTATTCTACAGCACAGCTACCAAGCCTTTTATCAGTCAGTCAGTCCCAAAATTATGGTTTAGTACAGCCACATAATGTGCCATCTATTGTTCATTCACAGGTTTATAGGTCCAGCAGGGTTGAGAAATTGCCATCCTTATATAAAACATTGACTTTTTCTGGGTCATCTCAGCCTGTAACCTCTGAAAACCAGACACTTAGTTATTCATCCAATCAGCAAGAAGTATTATCCTTAGTTACAAATGAGAATTATCCTGCTCAAACAAGAGACCTGCCATCAGTCAGTGAGTCTCAAAATTATTCTTCTGGTCAGTCTCAGGGTTTATCACCAGTTAGCCAAACACAGGTCAGTTATTCATCTCAGTCTCAAGTTTTATCAGTTGTTAGTCCTTCAGAAAGCTATGCATCAGGACAGTCTCTGACATTAACAGCCCCTTCTCTTTCTTATTCTTCTGCCTCTCGGGGTCAGAGCTTGCCAGTTTCTACCCCAACACCAAGTTATACTTCTATGCATCCATCCCCAAATGCTCAGACCCAAGGATCTTCTGCTCAGCCCCAAGAGTTTCTGCCTGCTGTGCAGTCCTCTTTTGCATCCTCTACTCGTGGTCAGACATTACAAAGTAGCATACCTTCTCCTGATCCAAAGTCTTATGCTGAAAGGAAGCTTGACTCAAGTGTGTATACATCGTCAAAGCAAGATGAGTTTCCAGTGCAAAAATTACAGGCATTGCAGTCACAAGCATCTCTTGAATCATCAAGCCAAAGGCTACCCGATGGGGAAGTGAATGCTCAAGAGTCAGTTTATAAGACATCAAAGGCAGATGATAGGTATTCTCAGAGTGTAACCAGAAATAACTCTCACCTTGAAGATCAAGTTGTTGGAGTTGCTCTCCAGGGTTCAGAACAGGAAGAAAACATGGTCGGTTCAATGACACAACTTAACCAGCAAAGTGGCCAGTCCAATAATGCAGTAGCCACTGATCTTAAGAAGGCAACTAATTTAATGCAAACTCCACAGGTAAGGTTGAATACTAAAGACCTCAACCAGCAGCATTCTCTCATGCACAAGATGCATGAAGCGAAGGTTCAGCAACAGCATGATCAAATAATGAGTGCCTCATCTCAGATACAGATTCCAAATCCTGCTTTAGGGCAGAGTCATCAGGCTCTTCCTCATACATCAGTCCTTTTAGACTCTGCCTGTGACTTACAGATTCTTCAACAGGCTGGAATTCTCCAGGCTAGCCTGGGACAAGCAAAGGCATCCTTGCAAGTACAGCGTGTTCAGAGTCCGCAACAGATAGTCCATCCTTTCCTACAGATGGATGGTCATATCATCCAGAGCAACGGTGAACATCCTCAACAGCAGCTCCATCCTCACAATTCTGATATTATGAAACTAGACCTCCCTGAACCTTCAAAACCATTGCAACAGCTAACAACAAAGGGCCCCTTCAGTGAAGCCAATCCACATGACTCAAAGAATCAGTTTGTTTCTCTTGGATCAATATGCTTCTCAGAGGCAATGCTTCTCAGTGATGAAAGAAATATTTTATCAAATGTAGATGACATCTTAGCAGCTACAGCAGCAGCTTGTGGGGTTACACCTTCTGACTTTTCCAAGTCAGCTGCAAATGAAACCATGCAAGATATTGAAAGTAGTGATTCTAAGTCTCATTATCAGCAGTCATTAAATGTCAGGCATGTGAATTCAGATTTTAACTCCATAGCAGCTTCAGTAGGAAAGCCACAGAGTATTAATGATATTTCCTTAAATGGAAATCAGGTTAGTGTGAGTCTTTCATCAGTGCCCACCCTTCAGTCAGAAACAGTTCTTGATCAACCGCATATGGAAACACCTAGTCAAACTATACCAACTAAAGTACCTTCTGCCATGGTTGGACTGGGTCAGGAAATCCAGGAACAAAGTTCTGACCCATTCAAGAAACAGTTGACTATAAACCATGAGTCTAAAGAAGACAGGGAAATTGCTGTTGACAGTGCACTGAGTAATAACAGAAATCAAGAGTTTGTCTCTAATAGTCGGAGCATAAGTGGAGACAGTGTAGTATCAGAGCGTGACTTTACCCTAGTAGGTGATGACACTGGTGTGTTGGTGAACCCTAGAAGGAGTACACTTGCACTGCTGGCCATGCCCCAGCCAGGGGATGCAGCCAGTGGCAAGACTGAAGATGAAAAACAAGATGTAACATATTTTAACCTTCCAAAGGAAAAAGCTAAAGGAAAAGAACAAGGTAAAGAGGAAGAAGATAATCAAAAACAGCTGAAAAGGTCTGCTCAATGCAAGCGACAGAACCCCAGAGGGACAGATGTGTATGTACCATACACTTCCCCTTCCTTGGAAAGCTGCGATGAAGGTTTTCAGCATCAAGAAAAGATGAGGCAGAAAATCAAGGAAGTGGAGGAAAAGCAGCCAGAGGTCAAAACAGGATTTATTGCTTCTTTTTTAGACTTCCTGAAGTGTGGGCCCAAGCAGCAGTTCTCCACTCTTGCTGTTCGAGTACCTAACAGAACCAGACGATCAGGAATCCAAACCACCCGTACGTTCTGTCCCCCACCTTTTGCAAAGACATCACCTGCAGCACAAGCACCATCTGAAACAGGAGGGGTCAGTCTGTCAGAAAAAGTTGACAGTGAACTTAAAACTTTAGAACAATTATCTTCATTTTCTTCTGATGAGGAAGATCCTGGCTCGTGTGGCCATGATATCTATAAGAACACCTCTGCTCCTTTAACTGTGTTGGATGCTACTTCCGATAAAACAAAGAAAACAGTTTTAGAAGCTCTGCCTGTGGCAACTCCTGGTGCATCTGCTGAGACTGCTGGTGTTGCTCCCACTGCCTCCACTGCTGTTGCAACAATTAAACAAGACCTTCATCTGACTTCATTAACTGTCAACACCATGGAAAATGCCAACTCCACAGAATCCCCCACAGCCATCGAACTTGATAGTCTTCCTTCAGACCAGTTGGCAAAAGGACAGGACACAGTTGCAATAGAAGGTTTTACAGATGAGGAAAATATTGAAAGTGGAGGTGAAGGTCAATACAGGGAACGTGATGAATTTGTGGTAAAGATAGAAGACATAGAGACCTTTAAGGAGGCTTTAAATACGGGAAAAGAGCCCCCAGCTATTTGGAAAGTACAGAAAGCTTTGTTACAGAAATTTGTTCCTGAAATTCGAGATGGGCAAAGAGAATTTGCAGCTACAAATAGTTACCTTGGGTATTTTGGAGATGCAAAAACTAAATACAAAAGGATATATGTGAAGTTCATTGAAAATGCAAACAAAAAGGAATATGTCAGAGTGTGTTCCAAAAAGCCAAGAAATAAGCCTTCACAAACTATCAGAAATATTCCATCTAAGCCAAGTAGTATCAGTAAAACTTCTGACCCACCAGTATCAAAAACTACAACTACAAAAACCCCGTCTACAAAACCCAAAGCTAAACAGCTCAAAATAAAGGCTGAGCCACCACCAAAGAAAAGGAAGAAATGGAAGGAAGAATTTTCATCATCACAATCTGAATCATCTCCTGAGGTCCGTTCTAGCAGTAGTGAGGATGAGGGCTTTGAGCCTCCAGCCCCCTCTGTCACTCGTTTTCTGAACACAAGAGCAATGAAGGAAACTTTCAAGAGTTACATGGAATTGCTTGTTAGCATTGCTCTGGATCCTGACACCATGCAAGCCCTAGAAAAGAGCAACGATGAGCTACTTTTACCACATATGAAAAAAATAGATGGAATGCTGAATGATAACCGGAAAAGACTTCTTGTGAATCTTCATTTGGACCAGCCATTCAAGAATGCTTTGGAAAGTTTTCCTGAACTGACAGTTATTACTCGAGACTCTAAAGCAAAGAGTGGAGGATCTGCTATTTCTAAGATCAAAATGAATGGCAAAGCTTATAATAAGAAAACTCTAAGGACTTCTAAAACAACCACTAAGTCTGCACAGGAGTTTGCTGTTGATCCAGAGAAAATACAGTTATATTCCTTATATCATTCACTCCATCATTATAAATACCATGTTTATCTCATATGTAAGAATGAGATATCATCTGTGCAGAAAAAAAATGAAGATTTAGGACAGGAAGAAATTGTTCAACTTTGTATGAAAAATGTAAAGTGGGTGGAGGACCTATTTGAAAAATTTGGAGAACTTCTAAATCATGTACAACAGAAATGTTCCTAA
Rac1_dna.fasta,0.60,50.49%,11%,1,0,ATGCAGGCCATCAAGTGTGTGGTGGTGGGAGACGGAGCTGTTGGTAAAACCTGCCTGCTCATCAGTTACACGACCAATGCATTTCCTGGAGAGTACATCCCCACCGTCTTTGACAACTATTCTGCCAATGTTATGGTAGATGGAAAACCAGTGAATCTGGGCCTATGGGACACAGCTGGACAAGAAGATTATGACAGATTGCGTCCCCTCTCCTACCCGCAGACAGTTGGAGACACATGTGGTAAAGATAGACCCTCCAGGGGCAAAGACAAGCCGATTGCCGACGTGTTCTTAATTTGCTTTTCCCTTGTGAGTCCTGCATCATTTGAAAATGTCCGTGCAAAGTGGTATCCTGAAGTGCGACACCACTGTCCCAATACTCCTATCATCCTCGTGGGGACGAAGCTTGATCTTAGGGATGATAAGGACACCATTGAGAAGCTGAAGGAGAAGAAGCTGACTCCCATCACCTACCCGCAGGGGCTGGCCATGGCGAAAGAGATCGGTGCTGTCAAATACCTGGAGTGCTCAGCTCTCACACAGCGAGGACTCAAGACAGTGTTTGACGAAGCTATCCGAGCGGTTCTCTGTCCCCCTCCTGTCAAGAAGAGGAAGAGAAAATGCCTGCTGTTGTAA
Scn4a_dna.fasta,0.66,54.53%,8% ,2,1,ATGGCCAGCTCATCTCTGCCCACCCTGGTCCCCCCTGGTCCCCACTGCCTGCGCCCCTTCACCCCAGAGTCCCTGGCAGCCATAGAACAGCGGGCAATGGAGGAGGAAGCCCGGCTGCAGCGGAACAAGCAAATGGAGATTGAAGAGCCTGAGCGGAAGCCACGCAGTGACCTGGAAGCTGGCAAGAACCTCCCACTCATCTATGGGGACCCCCCACCTGAAGTCATTGGCGTCCCCCTGGAGGACCTGGACCCTTACTACAGTGACAAGAAGACCTTCATTGTGCTCAACAAAGGAAAGGCCATCTTCCGATTCTCTGCCACCCCTGCCCTCTACATGCTGAGCCCCTTCAGCATCGTCCGGCGGGTGGCTATCAAGGTGCTCATCCACGCGCTGTTCAGCATGTTCATCATGATCACCATCTTGACCAACTGCGTGTTCATGACCATGAGCAACCCGCCTTCTTGGTCCAAGGACGTGGAGTACACCTTCACAGGGATCTACACCTTTGAGTCCCTCATTAAGATGCTGGCCCGAGGCTTTTGCATTGATGACTTCACATTCCTCCGAGACCCCTGGAACTGGCTGGACTTCAGTGTCATCACAATGGCGTACGTGACAGAGTTTGTGGACTTGGGCAACATCTCAGCCCTGAGGACCTTCCGTGTGCTGCGGGCCCTGAAAACCATCACGGTCATCCCAGGGCTGAAGACGATCGTGGGAGCCCTGATCCAGTCTGTGAAAAAGCTCTCGGATGTGATGATCCTCACTGTCTTCTGCCTGAGCGTCTTTGCCCTGGTGGGGCTGCAGCTTTTCATGGGAAACCTGCGTCAGAAGTGCGTGCGTTGGCCCCCGCCCATGAATGACACCAACACCACGTGGTATGGTAATGATACGTGGTACGGCAATGACACCTGGTACGGCAATGACACCTGGTATGGCAATGACACTTGGAACAGCCAGGAGAGCTGGGTCAGCAACTCTACCTTTGACTGGGAGGCCTACATCAATGACGAAGGGAACTTCTATTTCTTGGAGGGCTCCAATGATGCCCTGCTCTGTGGGAATAGCAGTGATGCCGGGCACTGCCCTGAGGGCTACGAATGCATGAAGGCTGGGAGGAACCCCAACTATGGCTACACCAGCTACGACACCTTCAGCTGGGCCTTCCTGGCTCTCTTCCGTCTCATGACGCAGGACTACTGGGAGAACCTTTTCCAGCTGACCCTTCGAGCCGCTGGCAAGACCTACATGATCTTCTTTGTGGTCATCATCTTCCTGGGTTCCTTCTACCTCATCAATCTGATCCTGGCGGTGGTGGCCATGGCATATGCTGAGCAGAATGAGGCTACCCTGGCCGAAGACCAGGAGAAAGAGGAGGAGTTCCAACAGATGCTTGAAAAATTCAAAAAACATCAGGAGGAACTGGAAAAGGCGAAGGCTGCCCAGGCTCTGGAAGGTGGAGAGGAGGCAGATGGGGACCCAACCCACAGCAAAGACTGCAATGGTAGCCTGGATACATCCGGGGAGAAGGGGCCCCCAAGGCCAAGCTGCAGCGCAGAGAGTGCCATCTCAGATGCTATGGAGGAGCTGGAAGAGGCCCATCAGAAGTGCCCCCCATGGTGGTACAAGTGTGCACACAAAGTGCTCATCTGGAACTGCTGTGCCCCGTGGGTGAAGTTCAAGCATATTATCCTCCTGATTGTCATGGACCCCTTTGTGGACCTGGGCATCACCATCTGCATCGTGCTCAACACCCTCTTCATGGCCATGGAGCACTACCCCATGACTGAGCACTTTGACAACGTGCTCTCTGTGGGCAACTTGGTCTTCACGGGCATCTTCACTGCAGAGATGGTGCTGAAGTTGATTGCTATGGACCCCTACGAATATTTCCAACAGGGCTGGAACATCTTCGACAGCTTCATCGTCACCCTCAGCCTGGTGGAGCTGGGCCTGGCCAACGTGCAGGGCCTATCAGTGCTCCGTTCTTTCCGTCTGCTGCGTGTCTTCAAGCTGGCCAAGTCATGGCCAACACTCAACATGCTCATCAAAATCATTGGCAACTCAGTGGGTGCGCTGGGCAACCTGACCCTGGTGTTGGCCATCATCGTCTTCATCTTCGCCGTGGTGGGCATGCAGCTGTTTGGCAAGAGCTATAAGGAATGCGTGTGCAAGATTGCCTCAGACTGCAGCCTGCCCCGCTGGCACATGCACGATTTCTTCCACTCCTTCCTCATCGTCTTCCGCATCCTCTGTGGGGAGTGGATCGAGACCATGTGGGACTGCATGGAAGTGGCCGGCCAGGCCATGTGCCTCACCGTCTTCCTCATGGTCATGGTCATTGGCAACCTGGTGGTCCTGAATCTGTTCCTGGCTCTCCTGTTGAGTTCCTTCAGCGCTGACAGTCTGGCAGCGTCAGATGAAGATGGTGAGATGAACAACCTACAGATCGCCATCGGGCGTATCAAGTGGGGCATCGCCTTTGCCAAAACCTTCCTCTTGGGGCTGTTGCATGGCAAGATCCTGAGCCTCAAAGACATAATGCTCAGTCTCGGGGAGCCTGGGGGTGCTGGGGAAAACGGGGAGAGCCCTCCCGAGGATGAGAAGAAGGAACCACCTCCGGAAGATGGGAACAAGGAGCTGAAAGACAATCATATCCTGAACCACGTGGGCCTGACTGATGGACCCCGCTCCAGCATCGAGATGGACCACCTTAACTTCATCAACAACCCCTACCTCACTATCCATGTGCCCATTGCCTCCGAGGAGTCCGACTTGGAAATGCCCACAGAGGAGGAGACTGACACCTTCTCGGAGCCTGAGGACATCAAGAAGCCACTACAGCCTCTGTACGACGGGAACTCCTCCGTCTGCAGCACAGCTGACTACAAGCCCCCCGAAGAGGACCCTGAGGAGCAGGCTGAGGAGAACCCTGAGGGGGAGCTACCTGAGGAGTGTTTCACAGAGGCCTGTGTGAAGCGCTGCCCCTGCCTCTATGTGGACATCTCCCAGGGCCGCGGGAAAATGTGGTGGACACTCCGCAGGGCCTGCTTCAAGATTGTTGAGCACAACTGGTTTGAGACCTTCATCGTCTTCATGATCTTGCTCAGCAGCGGGGCCCTGGCCTTCGAGGACATCTACATTGAACAGCGGCGAGTCATCCAAACCATCCTGGAATATGCTGACAAGGTCTTCACCTACATCTTCATCCTGGAGATGCTGCTAAAGTGGGTGGCCTACGGCTTCAAGGTGTACTTCACCAACGCCTGGTGCTGGCTCGACTTCCTCATTGTGGATGTCTCCATCATCAGTCTGGTGGCTAACTGGCTGGGCTACTCTGAGCTGGGGCCCATCAAATCCCTGCGCACGCTCCGGGCCCTGCGACCTCTGAGGGCACTGTCCCGATTTGAAGGCATGAGGGTGGTGGTGAACGCCCTTCTGGGAGCCATCCCTTCCATCATGAACGTGCTCCTTGTCTGCCTCATCTTCTGGCTCATCTTCAGCATCATGGGGGTCAACTTGTTTGCTGGAAAGTTCTACTACTGCATCAACACAACCACCTCCGAGAGATTCGACATCTCTGTGGTCAACAACAAGTCCGAGTGTGAGAGCCTCATGTACACCGGCCAGGTCCGCTGGATGAACGTCAAGGTCAACTATGACAACGTGGGTCTCGGCTACCTCTCTCTTCTTCAGGTGGCCACTTTCAAGGGTTGGATGGACATCATGTATGCAGCTGTGGACTCCCGGGAGAAAGAGGAGCAGCCAGACTACGAGGTGAACCTCTACATGTACCTTTACTTCGTCATCTTTATCATCTTCGGCTCCTTCTTCACCCTCAATCTCTTCATTGGCGTCATCATTGACAACTTCAACCAACAGAAGAAGAAGTTTGGAGGGAAAGACATCTTCATGACAGAGGAACAGAAGAAATACTACAATGCGATGAAGAAGCTTGGCTCCAAGAAGCCCCAGAAGCCAATCCCCCGGCCTCAGAACAAGATCCAAGGCATGGTGTACGACTTCGTGACAAAGCAGGTGTTTGACATCTCTATCATGATCCTCATCTGCCTCAACATGGTGACGATGATGGTGGAGACGGATGACCAGAGCCAGCTCAAGGTGGACATCCTGTATAACATCAACATGGTCTTCATTATCGTCTTCACAGGGGAGTGTGTGCTCAAGATGTTTGCCCTGCGCCATTACTACTTCACCATTGGCTGGAATATCTTCGACTTCGTGGTTGTCATCTTGTCCATTGTGGGTCTCGCACTCTCTGACTTGATACAGAAATACTTTGTGTCACCCACACTGTTCCGTGTGATCCGATTGGCTCGGATCGGGCGTGTCTTGCGTCTGATCCGTGGGGCCAAGGGCATCCGGACGCTGCTGTTCGCCCTGATGATGTCCCTGCCCGCCCTCTTCAACATCGGCCTCCTTCTCTTTCTGGTCATGTTCATTTACTCCATCTTCGGCATGTCTAACTTCGCCTACGTCAAGAAAGAGTCGGGCATCGACGACATGTTCAACTTTGAGACCTTTGGCAACAGTATCATCTGCCTCTTCGAGATCACCACGTCAGCTGGCTGGGACGGGCTTCTGAACCCCATCCTCAACAGTGGGCCCCCAGACTGTGACCCGACATTGGAGAACCCAGGCACCAATATCAAGGGTGACTGCGGCAACCCATCCATCGGCATCTGTTTCTTCTGCAGCTACATCATCATCTCCTTCCTCATCGTGGTCAACATGTACATTGCCATCATCCTAGAGAATTTCAATGTGGCCACTGAAGAGAGCAGTGAGCCCCTCTGTGAGGATGACTTCGAGATGTTCTATGAGACCTGGGAGAAGTTTGACCCCGATGCAACTCAGTTCATCGACTACAGCCGCCTTTCTGACTTTGTGGACACCCTGCAGGAGCCCTTGAAAATTGCCAAGCCCAATAAGATCAAGCTTATCACATTAGACCTGCCCATGGTACCCGGGGACAAGATCCACTGCCTGGACATCCTCTTTGCCCTGACCAAAGAGGTACTGGGTGACTCTGGGGAAATGGATGCTCTCAAACAGACCATGGAGGAGAAGTTCATGGCAGCTAACCCCTCCAAGGTCTCCTATGAGCCCATCACCACCACCCTCAAGAGGAAGCAGGAGGAGGTGTGTGCTATCAAAATCCAGAGGGCTTACCGCCGCCATCTGCTGCAGCGCTCTGTGAAGCAGGCCTCTTACATGTACCGCCACAGCCAGGAAGGCAATGGCGATGGGGCCCCTGAGAAGGAGGGATTGCTTGCCAACACCATGAACAAGATGTATGGCTCTGAGAAAGAGGACAACGGTGTGCAGAGCCAGGGGGAGAAAGAGAAAGACTCAACAGAGGATGCTGGACCCACCACGGAGGTCACAGCCCCCAGCAGCTCGGACACTGCCCTGACTCCTCCTCCTCCTTCTCCTCCTCCACCATCATCACCACCACAAGGGCAGACAGTGCGCCCAGGGGTCAAAGAGTCTCTTGTCTAG
Scn4b_dna.fasta,0.59,50.96%,13%,3,0,ATGTCCCGGGCTGGGAACCGAGGCAATACTCAGGCGAGATGGCTGGGCACTGGGCTTTTGGGTCTCTTCCTGCTTCCCATGTACCTGTCGTTGGAGGTATCTGTGGGAAAGGCCACCACCATCTACGCTATTAACGGCTCATCGATCCTGCTGCCCTGCACCTTCTCCAGCTGTTATGGCTTTGAGAACCTCTACTTCAAGTGGTCCTACAATAACAGCGAAACATCCAGGATTCTCATCGACGGGATCGTGAAGAACGATAAGTCTGACCCTAAGGTGAGAGTGAAGGATGATGATCGAATCACCCTAGAGGGCTCCACCAAGGAGAAGACGAATAACATCTCCATCCTCTTGAGTGACCTGGAGTTCAGTGACACGGGCAGATACACCTGCTTCGTGAGGAACCCCAAGGAGAAGGACTTGAACAACTCTGCCACCATCTTCCTCCAAGTGGTTGATAAATTGGAAAAAGTGGACAACACGGTGACTCTCATCATCCTGGCTGTGGTGGGCGGGGTCATTGGACTTCTTGTTTGCATCCTTCTGCTGAAGAAGCTCATCACCTTCATCCTGAAGAAGACCCGAGAGAAGAAGAAGGAGTGTCTCGTGAGTTCCTCTGGGAATGACAACACAGAGAACGGGTTGCCTGGCTCCAAGGCAGAAGAGAAGCCACCCACAAAAGTGTGA
Sdha_dna.fasta,0.62,50.90%,10%,2,0,ATGGCCGGGGTTGGCGCAGTTTCGAGGCTTCTTCGCGGGCGGCGCTTGGCGTTAACTGGGGCGTGGCCAGGAACACTCCAAAAACAGACCTGCGGCTTTCACTTCTCTGTTGGTGAGAACAAGAAGGCATCAGCTAAAGTTTCAGATGCAATTTCTACTCAATACCCAGTGGTGGATCATGAATTTGATGCTGTGGTTGTAGGCGCTGGAGGGGCAGGCTTGCGAGCTGCATTTGGCCTTTCTGAGGCAGGGTTTAATACTGCATGCCTTACAAAGCTCTTTCCTACCCGATCACATACTGTTGCAGCACAGGGAGGTATCAATGCTGCTCTGGGGAACATGGAAGAGGACAACTGGAGATGGCATTTCTATGACACTGTGAAAGGCTCCGACTGGCTGGGGGATCAGGATGCCATCCATTACATGACAGAGCAAGCTCCTGCCTCTGTGGTTGAGCTAGAAAATTATGGTATGCCATTTAGCAGAACTGAAGATGGGAAGATTTATCAGCGTGCATTTGGTGGACAGAGCCTCAAGTTTGGGAAAGGCGGGCAGGCTCATCGGTGTTGCTGTGTGGCTGATCGGACAGGCCACTCACTCTTACACACGTTGTATGGAAGATCTCTGCGATATGACACCAGTTATTTTGTGGAATATTTTGCACTGGATCTTCTGATGGAAAATGGGGAGTGCCGTGGTGTCATTGCACTGTGCATAGAAGATGGGTCCATACACCGAATAAGAGCAAAAAACACTGTTATTGCTACTGGGGGCTACGGGCGAACCTACTTCAGCTGTACATCTGCCCATACCAGCACAGGGGACGGCACAGCCATGGTCACTAGGGCTGGTTTGCCTTGCCAGGACTTAGAATTTGTTCAGTTCCACCCCACAGGTATATACGGTGCTGGCTGCCTCATCACAGAAGGGTGTCGTGGAGAGGGGGGGATTCTCATCAACAGTCAAGGTGAAAGGTTCATGGAGAGATACGCACCTGTTGCCAAGGACCTGGCATCAAGAGATGTTGTGTCTCGATCCATGACTCTTGAGATCCGTGAAGGAAGAGGCTGTGGCCCTGAGAAAGATCACGTCTACCTGCAGTTGCATCATCTGCCTCCTGAGCAACTGGCCACACGTCTACCCGGAATTTCAGAGACGGCCATGATCTTCGCTGGTGTGGATGTCACTAAGGAGCCCATCCCAGTCCTCCCCACTGTGCATTACAACATGGGTGGGATTCCCACTAACTACAAGGGACAGGTGCTGAAGCATGTGAATGGCCAGGATCAGATTGTGCCTGGTCTGTATGCCTGTGGGGAGGCTGCCTGCGCCTCAGTGCATGGTGCCAACCGGCTTGGAGCAAATTCTCTCTTGGACCTTGTAGTCTTTGGCAGAGCCTGTGCCCTGAGCATTGCAGAATCTTGCAGGCCTGGAGATAAAGTTCCTTCAATTAAGGCAAATGCTGGAGAAGAATCGGTTATGAATCTTGACAAGTTGAGATTTGCCGATGGAAGTATAAGAACATCAGAACTACGCCTAAACATGCAGAAGTCGATGCAGAACCATGCTGCAGTGTTCCGTGTGGGGAGTGTATTGCAAGAAGGCTGTGAAAAAATCAGTCAGCTCTATGGAGACCTAAAGCATCTAAAGACATTCGACAGGGGAATGGTTTGGAACACAGACCTGGTGGAGACCCTGGAGCTGCAGAATCTGATGCTGTGCGCACTGCAGACCATATATGGTGCAGAAGCTCGGAAGGAGTCCCGGGGAGCCCATGCCAGGGAAGATTACAAAGTGCGGGTCGATGAGTATGATTACTCCAAGCCCATCCAGGGACAGCAGAAGAAGCCGTTTGGGGAACACTGGAGGAAGCACACCCTCTCATATGTGGACATCAAGACTGGCAAGGTTACTTTGGAGTACAGACCTGTTATCGACAAGACCTTGAATGAGGCTGACTGTGCCACCGTACCTCCTGCTATCCGCTCCTACTGA
Tmem70_dna.fasta,0.61,49.33%,14%,0,0,ATGCTGTTGGGGTTGGGCGGCCGGTGGGCAGCGGGCCTATGGCCGGGCCGGACGAGGACGACGTGGTGTGTGGCCGCCGCGCTCCGAGGTTCCGGGATCGCTTTCTGGCGTGCGGCCTCGCTAGCCGAGCCAGAGCGGCTCCGGAGCGGCGGGCATCTAGCGCTAGCCGAGTCTTGCGGGCCACCCGGGCGAGCGCAGCAGATACCTGTTTGTTGGGAACAATGTGTCCGCTGCTTCCATACACAAGTTGATAAGCCAGAAAATGGCAGGCTGATTTATACTGGAAACCTGGCCCGAACGATATTTGGTGTGAAATGTTTCTCTTATTCTACAAGTGTTGTCAGCCTTGCATTCTTGCCGTACCTTCTCTCACAAAATAACATGATGTTTGGAAGTCTGCCTTTGCAAGTCTTATTTTACGGAGTCATGGGAAGCTTCACAGTGATCACTCCCACGCTGCTTCACCTTCTTACAAAAGGCTATGTCATTCGGTTGTATCATGAAGCCACAAGTGACACTTACAGAGCTGTCACTTACAATGTTATGCTTTCGGAAACCAGCACAGTGTTTCACCAAGACGACGTGACAATTCCAGAGAGCGCACATATATTCACCAGCTTTTATGCTAAAACAAAATCGCTATTAGTTAATCCAGCACTCTTTTTAAACCCTGAAGACTATAACCATCTAATGGGTTATGACAAACCGTTCACTTTTGATATGGAAGAAGTCGATGAAAAGAAACTGCATGAGGGTGAAAAATGA
Tob1_dna.fasta,0.68,52.77%,8% ,1,13,ATGCAGCTTGAAATCCAAGTAGCACTCAATTTTATTATTTCTTACTTGTACAATAAGCTTCCCAGGAGACGTGTCAACATTTTTGGTGAAGAGCTTGAAAGACTTCTTAAGAAGAAATATGAAGGGCACTGGTATCCTGAAAAGCCATACAAAGGCTCAGGGTTTAGATGTATACACGTGGGGGAGAAGGTAGACCCCGTGATCGAGCAGGCATCCAAAGAGAGTGGTTTGGACATTGACGATGTTCGTGGCAATCTGCCACAGGATTTGAGTGTCTGGATCGACCCGTTTGAGGTTTCCTACCAGATCGGCGAAAAGGGACCAGTGAAGGTGCTGTACGTGGACGACAGTAGTGAAACCGGCTGTGAGCTGGATAAGGAGATCAAAAACAGCTTTAACCCGGAGGCCCAGGTGTTCATGCCCATAAGCGACCCGGCCTCCTCCGTGTCCAGCTCTCCCTCACCTCCCTTCGGCCACTCTGCTGCTGTCAGCCCTACCTTCATGCCCCGGTCCACGCAGCCTTTAACCTTTACCACTGCCACTTTTGCTGCCACCAAGTTCGGCTCCACCAAAATGAAGAATAGTGGCCGTAGCAGCAAGGTAGCTCGCACTTCTCCGATCAACCTGGGCCTGACTGTAAATGTGAACGACCTCCTGAAGCAGAAAGCCATCTCTTCCTCAGTGCACTCTCTGTATGGGCTGGGCCTGGGCAGCCAGCAGCAGCCACAGCCGCAGCCACAGCAGCAGCAGCAGCAGCAGCCGTCATCATCCCAGCCGCCGCCTCCACTACCGCAGCAGCAGCAGCAGCAGCCACAGCAGCAGCAGCAGCAGCAGCAGCAAACCTCTGCTCTTTCTCCCAATGCCAAGGAATTTATTTTTCCTAACATGCAGGGTCAAGGTAGTAGTACCAATGGAATGTTCCCAGGTGACAGCCCCCTCAACCTCAGTCCCCTCCAGTACAGCAATGCCTTTGATGTGTTTGCGGCCTACGGAGGCCTCAACGAGAAGTCTTTTGTAGACGGCTTGAATTTTAGCTTAAATAACATGCAGTATTCTAACCAGCAATTCCAGCCTGTTATGGCTAACTAA
Txlnb_dna.fasta,0.61,51.54%,11%,4,0,ATGGAGATTAATCATCCTGATCAGCTCTCAGTGGAGCACCCAACTCCCCCAGGGGACAGCTCATCACTCAATCAAAACGGCCCGGGAAAGCAAGATGGCGAGCGGTGCTCAACCTCAGGCCAAGCGCCAGAGCAAGAGGGAAGCCTGCATCCCGAGAAGGGAGCCCATGATGTCGCGGAAGAGTTGAGCAGGCAACTGGAAGACATCATAAGCACGTATGGGTCTGCTGCCAGTCCCCGAGGGAAGGAGAGCACCTCTGAAACTAAGGAGCAGCCCCCAAACACAGAGGCACCAGACAATGAGGATGTTGACTATGAAGAAACCACTGAAGAGATAGACAGAGAACCCACTGCTCCTGAAGAGCCAGCCGCAGCCAAAGAGCCTGTCAGCAATAAAGAGCAAAAGCTGGAAAAGAAAATCTTAAAAGGATTAGGTAAAGAAGCTAACTTGCTCATGCAAAACCTGAACAAGCTGCAAGCACCTGAAGAAAAGCTTGATTTTTTATTCAAGAAGTATACTGAATTGCTGGATGAACATCGCACCGAGCAAAAGAAACTGAAGCTCCTACTGAAACAGCAGGCGCAGACCCAGAGAGAGAAGGACCAGTTGCAGAGTGAGCACAACAGAGCCGTCCTTGCTCGAAGCAAACTCGAGAGTCTGTGTCGGGAGCTACAGAGGCACAACAAGACGCTGAAGGAAGAAACCCTCCAACGGGCGCGCGAGGAAGAAGAGAAGAGGAAAGAGATCACAAGTCACTTTCAAACTACCCTGACAGATATCCAGACTCAGATCGAACAACAGAGTGAGCGCAATATGAAGCTCTGCCAGGAGAACACAGAGCTTGCAGAAAAACTGAAAAGCATCATTGACCAGTACGAGCTCAGAGAGGAGCATCTGGACAAAATATTCAAACATCGAGAACTGCAGCAGAAGCTGGTGGATGCGAAACTTGAAGAGGCTCAAGAACTGATGCAGGAGGCAGAGGAGCGGCACAGACGGGAGAAGGAATATTTGCTGAACCAGGCGGCAGAGTGGAAACTTCAGGCCAAAGTGCTGAAGGAGCAGGAGACGGTGCTGCAGGCTCAGCTCACTCTCTACTCAGGAAGGTTTGAGGAGTTCCAGAGTACACTGACAAAAAGCAATGAAGTGTTTGCCACTTTCAAGCAGGAAATGGATAAGACAACTAAGAAAATGAAGAAGCTGGAGAAGGACACCGCCACGTGGAAAGCCCGATTTGAGAATTGTAACAAAGCCCTGTTGGACATGATCGAAGAGAAAGCCCTGCGAGCTAAAGAATACGAGTGTTTCGTGATGAAAATCCAAAGGCTGGAGAACCTGTGTCGTGCTTTACAAGAGGAGAGAAAGGAACTCTACAAGAAAATCAGAGAAGCAAAAATGTCCGAAAAGGAAGACCAGGTTCAGCGCACCTCTGAGGAAGAGCCAGAGCCAAGCGTCTCTGAAAATGAAGAGGTGGACGCAGAGGAAGCCAACAGTTTTCAAAAAGCTGTGGAAAACCTGGCCACAGCTTTTACCATCCTTCATCATCCAGAGTTCACCCCAGACCAACCAACGGAAAGACAGCTGGCAGTGAATGGTCCTCAAAGTGGAAGTGATGTCACCCACCAGCACCCCGAAACAGCCCGTTTAAACCATCCCAGCCTTCCCGCTGATTCAGGGAGTCCTCGGCCCCCTGTAGGTGCTCAGGCTGTGGCGGAGGGCGTCTGTGAGGCCACACCTGCCCCTACAGCCTCCTGTACCCCTGCAGAGGCAGAGCTACAAAGTCAGGGTCTCCCTGCAGAAAATACCCCGGGTCCGAAGCCCCATAAACCAGAGGCAAACACTTCTGGTCAGGCCCCACTGTCCCCAGCCCAGGGCTCCCTATCTGTAGTAGAGGCAAAATATGATATTTCACCATCTCCAGAGAGTGAGGGAGATTCTGCTGTGGTGCCCGGCTGTGAGTCTAGGGAGCAGCCCCCACCAGAAGTCACAGACATCCCCGTAGGCCCTTCCACTGGACTCCCCAGAGAGCCCGATGCTTGTCTGAATGGAGTAGACTAA
Uqcrc2_dna.fasta,0.62,46.52%,11%,1,0,ATGAAGCTCCTCAGCAGGGCCGGGTCCTTCTCGAGATTTTATTCCCTCAAAGTTGCCCCGAAGGTTAAAACTTCAGCAGCCCCTGGAGGAGTGCCTCTGCAGCCTCAGGATCTTGAGTTTACCAAATTACCAAATGGTTTGGTGATTGCTTCTCTGGAAAACTATGCTCCTCTGTCAAGAATCGGCTTGTTCGTTAAAGCAGGCAGTAGATATGAGGACTCCAACAACTTGGGAACCTCACATTTACTACGTCTTGCATCTAGTTTGACTACCAAAGGAGCTTCATCTTTCAAGATAACCCGTGGGATTGAAGCAGTTGGTGGTAAATTAAGTGTGACTGCAACAAGGGAAAACATGGCGTACACTGTAGAAGGCATTCGGAGTGATATTGAGATCCTCATGGAGTTCCTGCTCAATGTCACCACAGCACCCGAGTTTCGCCGTTGGGAAGTAGCTGCCCTGCGGTCTCAGCTAAAGATTGACAAAGCTGTTGCCTTTCAGAATTCACAGACCCGTATCATTGAGAACTTGCATGATGTTGCCTACAAGAATGCCTTGGCTAATCCTTTGTACTGTCCTGACTATAGGATGGGGAAGATAACATCAGAGGAATTACATTACTTTGTTCAGAACCACTTCACAAGTGCAAGAATGGCTCTGGTTGGACTTGGTGTGAGTCATTCTGTCTTAAAGCAGGTGGCTGAACAATTTCTCAACATGAGGGGTGGCCTTGGTTTAGCTGGTGCAAAAGCCAAATACCGTGGAGGTGAAATTAGAGAGCAGAATGGAGACAACCTGGTCCATGCTGCTATTGTTGCAGAAAGTGCTGCCATTGGAAATGCAGAGGCAAATGCATTCAGTGTACTTCAGCATCTTCTTGGTGCTGGACCACATATCAAAAGGGGCAACAACACCACCAGCCTCCTGAGCCAGAGTGTTGCCAAAGGAAGTCACCAGCCTTTTGATGTTTCTGCATTTAATGCCAGTTACTCAGACTCTGGGCTCTTTGGAATTTACACTATTTCCCAGGCTGCAGCTGCTGGAGAGGTTATCAATGCTGCCTACAACCAAGTCAAAGCAGTTGCTCAAGGAAACCTTTCCAGTGCAGATGTCCAAGCTGCCAAGAACAAGCTAAAAGCTGGATATCTAATGTCTGTGGAGACGTCAGAGGGCTTCCTGAGTGAAATTGGGTCACAGGCTCTAGCTGCAGGTTCTTATATGCCACCTTCTACCGTCCTTCAACAGATTGACTCCGTGGCTGATGCTGATGTTGTAAAGGCTGCAAAAAAGTTTGTTTCTGGCAAGAAGTCAATGGCAGCGAGTGGAAACTTGGGACATACGCCTTTTCTCGACGAGTTATAA
